System.Time_Stamp,vtti.timestamp,vtti.file_id,vtti.abs,vtti.accel_x,vtti.accel_y,vtti.accel_z,vtti.gyro_z,vtti.pedal_brake_state,vtti.speed_gps,vtti.speed_network,vtti.steering_wheel_position,vtti.turn_signal,vtti.video_frame
1.000000,2000.000000,39134577.000000,0.000000,0.020300,0.020300,-0.916400,-0.650391,0.000000,,54.110001,,,
2.000000,2100.000000,39134577.000000,0.000000,0.031900,0.058000,-0.951200,-0.650391,0.000000,,54.110001,,,
3.000000,2200.000000,39134577.000000,0.000000,0.029000,0.037700,-0.945400,0.000000,0.000000,,54.220001,,,
4.000000,2300.000000,39134577.000000,0.000000,0.029000,0.029000,-0.942500,-0.325195,0.000000,,54.110001,,,
5.000000,2400.000000,39134577.000000,0.000000,0.023200,0.017400,-0.954100,-0.650391,0.000000,,54.279999,,,6.000000
6.000000,2500.000000,39134577.000000,0.000000,0.002900,0.014500,-0.957000,-0.325195,0.000000,,54.160000,,,7.000000
7.000000,2600.000000,39134577.000000,0.000000,0.020300,0.005800,-0.962800,-0.325195,0.000000,,54.389999,,,9.000000
8.000000,2700.000000,39134577.000000,0.000000,0.023200,0.005800,-0.974400,,0.000000,,54.220001,,,10.000000
9.000000,2800.000000,39134577.000000,0.000000,0.017400,0.020300,-0.994700,-0.650391,0.000000,,54.330002,,,12.000000
10.000000,2900.000000,39134577.000000,0.000000,0.020300,0.020300,-0.997600,-0.650391,0.000000,,54.330002,,,13.000000
11.000000,3000.000000,39134577.000000,0.000000,0.034800,0.058000,-0.997600,-0.650391,0.000000,,54.500000,,,15.000000
12.000000,3100.000000,39134577.000000,0.000000,0.034800,0.011600,-0.959900,-0.650391,0.000000,,54.279999,,,16.000000
13.000000,3200.000000,39134577.000000,0.000000,0.037700,0.034800,-0.945400,-0.650391,0.000000,,54.279999,,,18.000000
14.000000,3300.000000,39134577.000000,0.000000,0.017400,0.008700,-0.936700,-0.325195,0.000000,,54.279999,,,19.000000
15.000000,3400.000000,39134577.000000,0.000000,0.031900,0.020300,-0.951200,-0.650391,0.000000,,54.450001,,,21.000000
16.000000,3500.000000,39134577.000000,0.000000,0.026100,0.029000,-0.951200,-0.325195,0.000000,,54.279999,,,22.000000
17.000000,3600.000000,39134577.000000,0.000000,0.037700,0.034800,-0.957000,-0.325195,0.000000,,54.389999,,,24.000000
18.000000,3700.000000,39134577.000000,0.000000,0.017400,0.046400,-0.954100,0.325195,0.000000,,54.330002,,,25.000000
19.000000,3800.000000,39134577.000000,0.000000,0.020300,0.063800,-0.954100,,0.000000,,54.450001,,,27.000000
20.000000,3900.000000,39134577.000000,0.000000,0.014500,0.081200,-0.983100,0.325195,0.000000,,54.389999,,,28.000000
21.000000,4000.000000,39134577.000000,0.000000,0.046400,0.005800,-0.939600,0.650391,0.000000,,54.450001,,,30.000000
22.000000,4100.000000,39134577.000000,0.000000,0.046400,0.121800,-0.933800,0.650391,0.000000,,53.880001,,,31.000000
23.000000,4200.000000,39134577.000000,0.000000,-0.043500,0.029000,-0.959900,0.650391,0.000000,,54.730000,,,33.000000
24.000000,4300.000000,39134577.000000,0.000000,0.026100,0.124700,-1.049800,1.300781,0.000000,,54.560001,,,34.000000
25.000000,4400.000000,39134577.000000,0.000000,0.063800,0.084100,-0.997600,0.975586,0.000000,,54.669998,,,36.000000
26.000000,4500.000000,39134577.000000,0.000000,0.063800,0.078300,-0.968600,0.325195,0.000000,,54.450001,,,37.000000
27.000000,4600.000000,39134577.000000,0.000000,0.052200,0.069600,-0.907700,0.325195,0.000000,,54.610001,,,39.000000
28.000000,4700.000000,39134577.000000,0.000000,0.023200,0.011600,-0.925100,0.325195,0.000000,,54.560001,,,40.000000
29.000000,4800.000000,39134577.000000,0.000000,0.029000,0.026100,-0.936700,,0.000000,,54.779999,,,42.000000
30.000000,4900.000000,39134577.000000,0.000000,0.037700,0.005800,-0.965700,0.000000,0.000000,,54.900002,,,43.000000
31.000000,5000.000000,39134577.000000,0.000000,0.049300,0.049300,-0.948300,0.000000,0.000000,,55.060001,,,45.000000
32.000000,5100.000000,39134577.000000,0.000000,0.046400,0.040600,-0.968600,-0.325195,0.000000,,54.900002,,,46.000000
33.000000,5200.000000,39134577.000000,0.000000,0.040600,0.049300,-0.939600,-0.325195,0.000000,,55.119999,,,48.000000
34.000000,5300.000000,39134577.000000,0.000000,0.008700,0.011600,-1.000500,-0.325195,0.000000,,55.230000,,,49.000000
35.000000,5400.000000,39134577.000000,0.000000,0.031900,0.008700,-1.020800,-0.325195,0.000000,,55.290001,,,51.000000
36.000000,5500.000000,39134577.000000,0.000000,0.081200,-0.008700,-0.948300,-0.325195,0.000000,,55.060001,,,52.000000
37.000000,5600.000000,39134577.000000,0.000000,0.060900,0.029000,-0.930900,-0.325195,0.000000,,55.230000,,,54.000000
38.000000,5700.000000,39134577.000000,0.000000,0.005800,0.069600,-0.928000,-0.325195,0.000000,,55.400002,,,55.000000
39.000000,5800.000000,39134577.000000,0.000000,0.046400,-0.008700,-0.959900,0.000000,0.000000,,55.459999,,,57.000000
40.000000,5900.000000,39134577.000000,0.000000,0.069600,0.008700,-0.951200,,0.000000,,55.459999,,,58.000000
41.000000,6000.000000,39134577.000000,0.000000,0.040600,-0.069600,-0.913500,-0.650391,0.000000,,55.740002,,,60.000000
42.000000,6100.000000,39134577.000000,0.000000,0.023200,0.002900,-0.936700,-0.325195,0.000000,,55.849998,,,61.000000
43.000000,6200.000000,39134577.000000,0.000000,0.034800,-0.020300,-0.962800,-0.325195,0.000000,,55.849998,,,63.000000
44.000000,6300.000000,39134577.000000,0.000000,0.049300,0.034800,-0.986000,-0.975586,0.000000,,56.020000,,,64.000000
45.000000,6400.000000,39134577.000000,0.000000,0.052200,0.017400,-0.983100,-0.975586,0.000000,,56.020000,,,66.000000
46.000000,6500.000000,39134577.000000,0.000000,0.043500,0.020300,-0.971500,-1.300781,0.000000,,56.189999,,,67.000000
47.000000,6600.000000,39134577.000000,0.000000,0.037700,0.011600,-0.988900,-0.975586,0.000000,,56.250000,,,69.000000
48.000000,6700.000000,39134577.000000,0.000000,0.043500,0.005800,-0.980200,-0.975586,0.000000,,56.470001,,,70.000000
49.000000,6800.000000,39134577.000000,0.000000,0.055100,0.075400,-0.974400,-1.625977,0.000000,,56.410000,,,72.000000
50.000000,6900.000000,39134577.000000,0.000000,0.075400,0.014500,-0.936700,,0.000000,,56.299999,,,73.000000
51.000000,7000.000000,39134577.000000,0.000000,0.055100,0.069600,-0.925100,-0.325195,0.000000,,56.470001,,,75.000000
52.000000,7100.000000,39134577.000000,0.000000,0.026100,0.005800,-0.928000,-0.325195,0.000000,,56.580002,,,76.000000
53.000000,7200.000000,39134577.000000,0.000000,0.029000,0.000000,-0.977300,-0.650391,0.000000,,56.810001,,,78.000000
54.000000,7300.000000,39134577.000000,0.000000,0.029000,0.000000,-1.012100,-0.650391,0.000000,,56.860001,,,79.000000
55.000000,7400.000000,39134577.000000,0.000000,0.043500,0.014500,-1.006300,-0.650391,0.000000,,56.919998,,,81.000000
56.000000,7500.000000,39134577.000000,0.000000,0.063800,0.034800,-0.968600,-0.650391,0.000000,,56.750000,,,82.000000
57.000000,7600.000000,39134577.000000,0.000000,0.046400,0.014500,-0.890300,-0.975586,0.000000,,56.750000,,,84.000000
58.000000,7700.000000,39134577.000000,0.000000,0.008700,-0.023200,-0.890300,-0.975586,0.000000,,56.639999,,,85.000000
59.000000,7800.000000,39134577.000000,0.000000,-0.020300,-0.031900,-0.954100,-0.975586,0.000000,,56.810001,,,87.000000
60.000000,7900.000000,39134577.000000,0.000000,-0.005800,0.005800,-1.003400,,0.000000,,56.860001,,,88.000000
61.000000,8000.000000,39134577.000000,0.000000,0.037700,0.040600,-0.983100,-0.650391,0.000000,,56.580002,,,90.000000
62.000000,8100.000000,39134577.000000,0.000000,0.029000,0.066700,-0.942500,-0.650391,0.000000,,56.700001,,,91.000000
63.000000,8200.000000,39134577.000000,0.000000,-0.002900,0.043500,-0.928000,-0.650391,0.000000,,56.470001,,,93.000000
64.000000,8300.000000,39134577.000000,0.000000,-0.014500,0.017400,-0.942500,-0.975586,0.000000,,56.529999,,,94.000000
65.000000,8400.000000,39134577.000000,0.000000,-0.008700,0.011600,-0.980200,-0.325195,0.000000,,56.470001,,,96.000000
66.000000,8500.000000,39134577.000000,0.000000,0.000000,0.005800,-0.983100,-0.325195,0.000000,,56.360001,,,97.000000
67.000000,8600.000000,39134577.000000,0.000000,0.000000,0.011600,-0.974400,-0.650391,0.000000,,56.250000,,,99.000000
68.000000,8700.000000,39134577.000000,0.000000,0.008700,-0.014500,-0.936700,-0.325195,0.000000,,55.959999,,,100.000000
69.000000,8800.000000,39134577.000000,0.000000,0.002900,0.017400,-0.930900,-0.325195,0.000000,,55.959999,,,102.000000
70.000000,8900.000000,39134577.000000,0.000000,-0.026100,0.031900,-0.930900,,0.000000,,55.849998,,,103.000000
71.000000,9000.000000,39134577.000000,0.000000,-0.040600,0.020300,-0.968600,-0.650391,0.000000,,55.959999,,,105.000000
72.000000,9100.000000,39134577.000000,0.000000,-0.011600,-0.017400,-0.994700,-0.325195,0.000000,,55.570000,,,106.000000
73.000000,9200.000000,39134577.000000,0.000000,-0.023200,-0.002900,-0.994700,-0.650391,0.000000,,55.570000,,,108.000000
74.000000,9300.000000,39134577.000000,0.000000,-0.020300,-0.008700,-0.986000,-0.650391,0.000000,,55.230000,,,109.000000
75.000000,9400.000000,39134577.000000,0.000000,-0.020300,-0.026100,-0.948300,-0.325195,0.000000,,55.180000,,,111.000000
76.000000,9500.000000,39134577.000000,0.000000,-0.014500,0.017400,-0.951200,-0.325195,0.000000,,54.840000,,,112.000000
77.000000,9600.000000,39134577.000000,0.000000,,,,-0.325195,0.000000,55.462606,54.840000,,,114.000000
78.000000,9700.000000,39134577.000000,0.000000,-0.023200,0.002900,-0.962800,-0.325195,0.000000,,54.500000,,,115.000000
79.000000,9800.000000,39134577.000000,0.000000,-0.017400,0.002900,-0.933800,-0.325195,0.000000,,54.389999,,,117.000000
80.000000,9900.000000,39134577.000000,0.000000,-0.020300,0.000000,-0.930900,-0.650391,0.000000,,54.220001,,,118.000000
81.000000,10000.000000,39134577.000000,0.000000,-0.049300,0.008700,-0.957000,,0.000000,,54.110001,,,120.000000
82.000000,10100.000000,39134577.000000,0.000000,-0.026100,0.029000,-0.974400,-0.650391,0.000000,,54.000000,,,121.000000
83.000000,10200.000000,39134577.000000,0.000000,0.000000,-0.011600,-0.986000,-0.975586,0.000000,,54.049999,,,123.000000
84.000000,10300.000000,39134577.000000,0.000000,0.000000,-0.005800,-0.965700,-0.975586,0.000000,,53.770000,,,124.000000
85.000000,10400.000000,39134577.000000,0.000000,0.005800,-0.002900,-0.939600,-0.650391,0.000000,,53.709999,,,126.000000
86.000000,10500.000000,39134577.000000,0.000000,-0.008700,0.000000,-0.971500,-0.650391,0.000000,,53.599998,,,127.000000
87.000000,10600.000000,39134577.000000,0.000000,0.005800,0.002900,-0.959900,-0.650391,0.000000,53.555212,53.939999,,,129.000000
88.000000,10700.000000,39134577.000000,0.000000,0.029000,0.002900,-0.971500,-0.650391,0.000000,,53.770000,,,130.000000
89.000000,10800.000000,39134577.000000,0.000000,0.020300,0.023200,-0.986000,-0.650391,0.000000,,53.830002,,,132.000000
90.000000,10900.000000,39134577.000000,0.000000,0.008700,0.040600,-1.009200,-0.325195,0.000000,,53.830002,,,133.000000
91.000000,11000.000000,39134577.000000,0.000000,0.034800,0.037700,-0.974400,,0.000000,,53.880001,,,135.000000
92.000000,11100.000000,39134577.000000,0.000000,0.049300,0.011600,-0.959900,-0.975586,0.000000,,53.660000,,,136.000000
93.000000,11200.000000,39134577.000000,0.000000,0.029000,0.017400,-0.881600,0.000000,0.000000,,53.660000,,,138.000000
94.000000,11300.000000,39134577.000000,0.000000,0.034800,-0.017400,-0.896100,-0.325195,0.000000,,53.549999,,,139.000000
95.000000,11400.000000,39134577.000000,0.000000,-0.011600,-0.008700,-0.910600,0.000000,0.000000,,53.660000,,,141.000000
96.000000,11500.000000,39134577.000000,0.000000,-0.002900,-0.014500,-0.977300,0.000000,0.000000,,53.599998,,,142.000000
97.000000,11600.000000,39134577.000000,0.000000,0.000000,0.000000,-1.003400,-2.276367,0.000000,53.666325,53.709999,,,144.000000
98.000000,11700.000000,39134577.000000,0.000000,0.005800,0.066700,-0.997600,-0.325195,0.000000,,53.549999,,,145.000000
99.000000,11800.000000,39134577.000000,0.000000,0.017400,0.002900,-0.997600,-0.650391,0.000000,,53.660000,,,147.000000
100.000000,11900.000000,39134577.000000,0.000000,0.017400,0.029000,-0.930900,-0.325195,0.000000,,53.320000,,,148.000000
101.000000,12000.000000,39134577.000000,0.000000,-0.002900,-0.011600,-0.936700,,0.000000,,53.259998,,,150.000000
102.000000,12100.000000,39134577.000000,0.000000,-0.011600,-0.008700,-0.925100,-2.276367,0.000000,,53.209999,,,151.000000
103.000000,12200.000000,39134577.000000,0.000000,0.005800,0.014500,-0.968600,0.000000,0.000000,,53.099998,,,153.000000
104.000000,12300.000000,39134577.000000,0.000000,-0.014500,0.005800,-0.988900,0.000000,0.000000,,53.150002,,,154.000000
105.000000,12400.000000,39134577.000000,0.000000,-0.008700,0.000000,-0.988900,-0.325195,0.000000,,53.099998,,,156.000000
106.000000,12500.000000,39134577.000000,0.000000,0.002900,0.008700,-0.988900,0.000000,1.000000,,52.980000,,,157.000000
107.000000,12600.000000,39134577.000000,0.000000,-0.005800,0.005800,-0.968600,-2.276367,1.000000,53.203364,52.810001,,,159.000000
108.000000,12700.000000,39134577.000000,0.000000,0.000000,0.037700,-0.951200,0.000000,1.000000,,52.700001,,,160.000000
109.000000,12800.000000,39134577.000000,0.000000,0.023200,0.000000,-0.919300,0.000000,1.000000,,52.480000,,,162.000000
110.000000,12900.000000,39134577.000000,0.000000,-0.023200,0.037700,-0.916400,-0.325195,1.000000,,52.529999,,,163.000000
111.000000,13000.000000,39134577.000000,0.000000,-0.029000,0.031900,-0.933800,,1.000000,,52.310001,,,165.000000
112.000000,13100.000000,39134577.000000,0.000000,-0.046400,0.020300,-0.977300,-0.650391,1.000000,,52.250000,,,166.000000
113.000000,13200.000000,39134577.000000,0.000000,-0.049300,0.020300,-0.997600,0.975586,1.000000,,51.799999,,,167.000000
114.000000,13300.000000,39134577.000000,0.000000,-0.052200,0.020300,-0.980200,0.000000,1.000000,,51.580002,,,169.000000
115.000000,13400.000000,39134577.000000,0.000000,-0.058000,0.002900,-0.959900,0.000000,1.000000,,51.240002,,,170.000000
116.000000,13500.000000,39134577.000000,0.000000,-0.075400,0.002900,-0.948300,0.000000,1.000000,,50.849998,,,172.000000
117.000000,13600.000000,39134577.000000,0.000000,-0.081200,0.000000,-0.965700,-0.975586,1.000000,52.110777,50.730000,,,173.000000
118.000000,13700.000000,39134577.000000,0.000000,-0.058000,0.031900,-0.965700,0.650391,1.000000,,50.340000,,,175.000000
119.000000,13800.000000,39134577.000000,0.000000,-0.075400,0.000000,-0.994700,0.000000,1.000000,,50.110001,,,176.000000
120.000000,13900.000000,39134577.000000,0.000000,-0.075400,-0.020300,-0.994700,-0.325195,1.000000,,49.830002,,,178.000000
121.000000,14000.000000,39134577.000000,0.000000,-0.060900,0.008700,-0.957000,,1.000000,,49.330002,,,179.000000
122.000000,14100.000000,39134577.000000,0.000000,-0.066700,0.000000,-0.962800,-0.325195,1.000000,,49.209999,,,181.000000
123.000000,14200.000000,39134577.000000,0.000000,-0.066700,0.002900,-0.959900,0.000000,1.000000,,48.759998,,,182.000000
124.000000,14300.000000,39134577.000000,0.000000,-0.072500,0.063800,-0.974400,-0.325195,1.000000,,48.310001,,,184.000000
125.000000,14400.000000,39134577.000000,0.000000,-0.072500,-0.023200,-0.968600,-0.325195,1.000000,,48.090000,,,185.000000
126.000000,14500.000000,39134577.000000,0.000000,-0.034800,0.011600,-0.951200,-0.650391,1.000000,,47.700001,,,187.000000
127.000000,14600.000000,39134577.000000,0.000000,-0.075400,0.000000,-0.954100,-0.325195,1.000000,49.055243,47.529999,,,188.000000
128.000000,14700.000000,39134577.000000,0.000000,-0.089900,0.008700,-0.951200,0.000000,1.000000,,47.250000,,,190.000000
129.000000,14800.000000,39134577.000000,0.000000,-0.069600,-0.005800,-0.977300,-0.325195,1.000000,,47.080002,,,191.000000
130.000000,14900.000000,39134577.000000,0.000000,-0.026100,0.029000,-0.965700,-0.325195,0.000000,,46.799999,,,193.000000
131.000000,15000.000000,39134577.000000,0.000000,-0.020300,0.008700,-0.962800,,0.000000,,46.570000,,,194.000000
132.000000,15100.000000,39134577.000000,0.000000,-0.023200,0.014500,-0.933800,-0.650391,0.000000,,46.570000,,,196.000000
133.000000,15200.000000,39134577.000000,0.000000,-0.023200,-0.017400,-0.954100,0.000000,0.000000,,46.349998,,,197.000000
134.000000,15300.000000,39134577.000000,0.000000,-0.034800,0.020300,-0.959900,-0.650391,0.000000,,46.060001,,,199.000000
135.000000,15400.000000,39134577.000000,0.000000,-0.026100,0.000000,-0.959900,-0.325195,0.000000,,46.009998,,,200.000000
136.000000,15500.000000,39134577.000000,0.000000,-0.014500,0.049300,-0.986000,0.000000,0.000000,,46.009998,,,202.000000
137.000000,15600.000000,39134577.000000,0.000000,-0.008700,0.060900,-0.957000,-0.325195,0.000000,46.166370,45.840000,,,203.000000
138.000000,15700.000000,39134577.000000,0.000000,,,,0.000000,0.000000,,45.669998,,,205.000000
139.000000,15800.000000,39134577.000000,0.000000,0.005800,0.026100,-0.930900,0.000000,0.000000,,45.669998,,,206.000000
140.000000,15900.000000,39134577.000000,0.000000,0.052200,-0.017400,-0.948300,0.000000,0.000000,,45.779999,,,208.000000
141.000000,16000.000000,39134577.000000,0.000000,0.049300,0.000000,-0.930900,0.000000,0.000000,,45.840000,,,209.000000
142.000000,16100.000000,39134577.000000,0.000000,0.034800,0.034800,-0.951200,,0.000000,,46.060001,,,211.000000
143.000000,16200.000000,39134577.000000,0.000000,0.014500,-0.014500,-0.983100,-0.650391,0.000000,,46.400002,,,212.000000
144.000000,16300.000000,39134577.000000,0.000000,0.046400,0.002900,-1.000500,-1.300781,0.000000,,46.459999,,,214.000000
145.000000,16400.000000,39134577.000000,0.000000,0.072500,-0.005800,-1.000500,-0.975586,0.000000,,46.400002,,,215.000000
146.000000,16500.000000,39134577.000000,0.000000,0.089900,-0.058000,-0.977300,-0.325195,0.000000,,46.630001,,,217.000000
147.000000,16600.000000,39134577.000000,0.000000,0.078300,-0.014500,-0.925100,-0.650391,0.000000,47.684880,46.740002,,,218.000000
148.000000,16700.000000,39134577.000000,0.000000,0.055100,-0.031900,-0.962800,-0.975586,0.000000,,46.849998,,,220.000000
149.000000,16800.000000,39134577.000000,0.000000,0.046400,0.008700,-0.951200,-0.650391,0.000000,,47.080002,,,221.000000
150.000000,16900.000000,39134577.000000,0.000000,0.087000,-0.052200,-0.959900,-0.650391,0.000000,,47.130001,,,223.000000
151.000000,17000.000000,39134577.000000,0.000000,0.101500,0.023200,-0.945400,-0.975586,0.000000,,47.189999,,,224.000000
152.000000,17100.000000,39134577.000000,0.000000,0.055100,-0.034800,-0.942500,,0.000000,,47.360001,,,226.000000
153.000000,17200.000000,39134577.000000,0.000000,0.037700,-0.017400,-0.951200,-0.325195,0.000000,,47.700001,,,227.000000
154.000000,17300.000000,39134577.000000,0.000000,0.049300,0.000000,-0.965700,-0.325195,0.000000,,47.639999,,,229.000000
155.000000,17400.000000,39134577.000000,0.000000,0.075400,-0.034800,-0.954100,-0.650391,0.000000,,47.810001,,,230.000000
156.000000,17500.000000,39134577.000000,0.000000,0.066700,0.058000,-0.962800,-0.650391,0.000000,,47.980000,,,232.000000
157.000000,17600.000000,39134577.000000,0.000000,0.052200,-0.101500,-0.930900,-1.300781,0.000000,47.555252,48.090000,,,233.000000
158.000000,17700.000000,39134577.000000,0.000000,0.063800,0.020300,-0.948300,-0.650391,0.000000,,48.259998,,,235.000000
159.000000,17800.000000,39134577.000000,0.000000,0.052200,-0.029000,-0.948300,-0.975586,0.000000,,48.540001,,,236.000000
160.000000,17900.000000,39134577.000000,0.000000,0.075400,0.000000,-0.954100,-0.975586,0.000000,,48.599998,,,238.000000
161.000000,18000.000000,39134577.000000,0.000000,0.063800,0.011600,-0.954100,-0.650391,0.000000,,48.709999,,,239.000000
162.000000,18100.000000,39134577.000000,0.000000,0.055100,0.014500,-0.928000,,0.000000,,48.990002,,,241.000000
163.000000,18200.000000,39134577.000000,0.000000,0.049300,0.008700,-0.974400,0.000000,0.000000,,49.099998,,,242.000000
164.000000,18300.000000,39134577.000000,0.000000,0.063800,-0.017400,-0.928000,-0.325195,0.000000,,49.209999,,,244.000000
165.000000,18400.000000,39134577.000000,0.000000,0.063800,-0.005800,-0.942500,-0.975586,0.000000,,49.330002,,,245.000000
166.000000,18500.000000,39134577.000000,0.000000,0.026100,0.005800,-0.948300,-0.650391,0.000000,,49.330002,,,247.000000
167.000000,18600.000000,39134577.000000,0.000000,0.000000,0.017400,-0.971500,-0.325195,0.000000,48.851539,49.439999,,,248.000000
168.000000,18700.000000,39134577.000000,0.000000,0.008700,0.005800,-0.991800,-0.975586,0.000000,,49.439999,,,250.000000
169.000000,18800.000000,39134577.000000,0.000000,0.017400,0.020300,-1.009200,-1.625977,0.000000,,49.270000,,,251.000000
170.000000,18900.000000,39134577.000000,0.000000,0.014500,-0.026100,-0.962800,-1.951172,0.000000,,49.330002,,,253.000000
171.000000,19000.000000,39134577.000000,0.000000,0.023200,-0.011600,-0.948300,-1.625977,0.000000,,49.500000,,,254.000000
172.000000,19100.000000,39134577.000000,0.000000,-0.005800,-0.014500,-0.925100,,0.000000,,49.380001,,,256.000000
173.000000,19200.000000,39134577.000000,0.000000,0.029000,0.008700,-0.901900,-1.300781,0.000000,,48.759998,,,257.000000
174.000000,19300.000000,39134577.000000,0.000000,0.026100,0.031900,-0.899000,-1.625977,0.000000,,49.209999,,,259.000000
175.000000,19400.000000,39134577.000000,0.000000,-0.002900,0.046400,-0.896100,-1.951172,0.000000,,49.049999,,,260.000000
176.000000,19500.000000,39134577.000000,0.000000,-0.046400,-0.104400,-0.974400,-0.650391,0.000000,,48.880001,,,262.000000
177.000000,19600.000000,39134577.000000,0.000000,-0.055100,0.066700,-1.035300,1.300781,0.000000,49.277462,49.439999,,,263.000000
178.000000,19700.000000,39134577.000000,0.000000,-0.159500,-0.084100,-1.473200,-0.325195,0.000000,,49.889999,,,265.000000
179.000000,19800.000000,39134577.000000,0.000000,-0.043500,0.104400,-1.139700,0.325195,0.000000,,49.380001,,,266.000000
180.000000,19900.000000,39134577.000000,0.000000,0.240700,0.130500,-1.012100,-0.975586,0.000000,,48.029999,,,268.000000
181.000000,20000.000000,39134577.000000,0.000000,0.185600,0.058000,-0.727900,-1.300781,0.000000,,47.529999,,,269.000000
182.000000,20100.000000,39134577.000000,0.000000,0.063800,0.078300,-0.524900,,0.000000,,47.189999,,,271.000000
183.000000,20200.000000,39134577.000000,0.000000,-0.072500,0.043500,-0.562600,0.000000,0.000000,,47.360001,,,272.000000
184.000000,20300.000000,39134577.000000,0.000000,-0.124700,0.052200,-0.701800,-0.325195,0.000000,,47.639999,,,274.000000
185.000000,20400.000000,39134577.000000,0.000000,-0.110200,0.072500,-0.907700,-0.650391,0.000000,,48.029999,,,275.000000
186.000000,20500.000000,39134577.000000,0.000000,-0.124700,0.145000,-1.154200,-0.975586,0.000000,,48.880001,,,277.000000
187.000000,20600.000000,39134577.000000,0.000000,-0.136300,-0.072500,-1.421000,-0.650391,0.000000,49.425609,48.480000,,,278.000000
188.000000,20700.000000,39134577.000000,0.000000,-0.005800,0.147900,-1.113600,-0.975586,0.000000,,48.090000,,,280.000000
189.000000,20800.000000,39134577.000000,0.000000,0.121800,0.000000,-0.951200,0.650391,0.000000,,47.639999,,,281.000000
190.000000,20900.000000,39134577.000000,0.000000,0.087000,0.156600,-0.814900,1.300781,0.000000,,47.299999,,,283.000000
191.000000,21000.000000,39134577.000000,0.000000,0.017400,0.020300,-0.751100,0.975586,0.000000,,47.130001,,,284.000000
192.000000,21100.000000,39134577.000000,0.000000,0.002900,0.087000,-0.797500,,0.000000,,47.299999,,,286.000000
193.000000,21200.000000,39134577.000000,0.000000,-0.049300,0.029000,-0.945400,0.325195,0.000000,,47.700001,,,287.000000
194.000000,21300.000000,39134577.000000,0.000000,-0.084100,0.031900,-1.125200,0.000000,0.000000,,48.150002,,,289.000000
195.000000,21400.000000,39134577.000000,0.000000,-0.005800,0.011600,-1.157100,0.000000,0.000000,,48.200001,,,290.000000
196.000000,21500.000000,39134577.000000,0.000000,0.118900,0.020300,-1.029500,0.000000,0.000000,,48.090000,,,292.000000
197.000000,21600.000000,39134577.000000,0.000000,0.116000,0.040600,-0.901900,0.000000,0.000000,48.518207,48.259998,,,293.000000
198.000000,21700.000000,39134577.000000,0.000000,0.069600,0.034800,-0.855500,0.000000,0.000000,,48.430000,,,295.000000
199.000000,21800.000000,39134577.000000,0.000000,0.060900,0.029000,-0.910600,-0.325195,0.000000,,48.650002,,,296.000000
200.000000,21900.000000,39134577.000000,0.000000,0.063800,0.002900,-0.962800,0.000000,0.000000,,49.049999,,,298.000000
201.000000,22000.000000,39134577.000000,0.000000,0.069600,0.017400,-1.015000,0.650391,0.000000,,49.330002,,,299.000000
202.000000,22100.000000,39134577.000000,0.000000,0.089900,0.029000,-1.003400,0.000000,0.000000,,49.500000,,,301.000000
203.000000,22200.000000,39134577.000000,0.000000,0.081200,0.043500,-0.957000,,0.000000,,49.779999,,,302.000000
204.000000,22300.000000,39134577.000000,0.000000,0.084100,0.020300,-0.942500,0.000000,0.000000,,49.950001,,,304.000000
205.000000,22400.000000,39134577.000000,0.000000,0.075400,0.031900,-0.933800,0.000000,0.000000,,50.279999,,,305.000000
206.000000,22500.000000,39134577.000000,0.000000,0.075400,-0.026100,-0.933800,0.000000,0.000000,,50.509998,,,307.000000
207.000000,22600.000000,39134577.000000,0.000000,0.078300,0.017400,-0.962800,0.000000,0.000000,51.036709,50.619999,,,308.000000
208.000000,22700.000000,39134577.000000,0.000000,0.063800,-0.005800,-0.965700,-0.325195,0.000000,,51.009998,,,310.000000
209.000000,22800.000000,39134577.000000,0.000000,0.095700,0.008700,-0.936700,0.000000,0.000000,,51.130001,,,311.000000
210.000000,22900.000000,39134577.000000,0.000000,0.084100,0.005800,-0.945400,-0.650391,0.000000,,51.459999,,,313.000000
211.000000,23000.000000,39134577.000000,0.000000,0.058000,0.008700,-0.925100,-0.325195,0.000000,,51.689999,,,314.000000
212.000000,23100.000000,39134577.000000,0.000000,0.072500,-0.002900,-0.942500,-0.325195,0.000000,,51.860001,,,316.000000
213.000000,23200.000000,39134577.000000,0.000000,0.075400,-0.008700,-0.939600,,0.000000,,52.200001,,,317.000000
214.000000,23300.000000,39134577.000000,0.000000,0.060900,0.014500,-0.983100,0.000000,0.000000,,52.360001,,,319.000000
215.000000,23400.000000,39134577.000000,0.000000,0.049300,0.008700,-1.000500,-0.650391,0.000000,,52.810001,,,320.000000
216.000000,23500.000000,39134577.000000,0.000000,0.081200,0.020300,-1.006300,-0.650391,0.000000,,52.930000,,,322.000000
217.000000,23600.000000,39134577.000000,0.000000,0.089900,0.002900,-0.977300,-0.325195,0.000000,53.629287,53.209999,,,323.000000
218.000000,23700.000000,39134577.000000,0.000000,0.087000,-0.002900,-0.922200,-0.975586,0.000000,,53.320000,,,325.000000
219.000000,23800.000000,39134577.000000,0.000000,0.060900,0.011600,-0.939600,0.000000,0.000000,,53.660000,,,326.000000
220.000000,23900.000000,39134577.000000,0.000000,0.049300,0.000000,-0.954100,-0.650391,0.000000,,53.880001,,,328.000000
221.000000,24000.000000,39134577.000000,0.000000,0.072500,0.023200,-0.951200,-0.325195,0.000000,,54.110001,,,329.000000
222.000000,24100.000000,39134577.000000,0.000000,0.078300,0.023200,-0.968600,0.000000,0.000000,,54.330002,,,331.000000
223.000000,24200.000000,39134577.000000,0.000000,0.081200,-0.008700,-0.945400,,0.000000,,54.560001,,,332.000000
224.000000,24300.000000,39134577.000000,0.000000,0.069600,0.005800,-0.939600,0.000000,0.000000,,54.730000,,,334.000000
225.000000,24400.000000,39134577.000000,0.000000,0.052200,-0.011600,-0.951200,0.000000,0.000000,,55.119999,,,335.000000
226.000000,24500.000000,39134577.000000,0.000000,0.063800,-0.014500,-0.971500,-0.325195,0.000000,,55.290001,,,337.000000
227.000000,24600.000000,39134577.000000,0.000000,0.081200,0.008700,-0.957000,0.000000,0.000000,55.814457,55.570000,,,338.000000
228.000000,24700.000000,39134577.000000,0.000000,0.081200,0.000000,-0.957000,-0.975586,0.000000,,55.630001,,,340.000000
229.000000,24800.000000,39134577.000000,0.000000,0.069600,0.023200,-0.945400,0.000000,0.000000,,55.910000,,,341.000000
230.000000,24900.000000,39134577.000000,0.000000,0.049300,-0.008700,-0.939600,0.000000,0.000000,,56.080002,,,343.000000
231.000000,25000.000000,39134577.000000,0.000000,0.058000,0.031900,-0.962800,0.000000,0.000000,,56.360001,,,344.000000
232.000000,25100.000000,39134577.000000,0.000000,0.058000,0.000000,-0.965700,0.000000,0.000000,,56.410000,,,346.000000
233.000000,25200.000000,39134577.000000,0.000000,0.069600,0.017400,-0.928000,,0.000000,,56.529999,,,347.000000
234.000000,25300.000000,39134577.000000,0.000000,0.043500,0.000000,-0.942500,0.000000,0.000000,,56.750000,,,349.000000
235.000000,25400.000000,39134577.000000,0.000000,0.040600,0.037700,-0.988900,0.000000,0.000000,,57.029999,,,350.000000
236.000000,25500.000000,39134577.000000,0.000000,0.049300,0.026100,-0.974400,0.000000,0.000000,,57.259998,,,352.000000
237.000000,25600.000000,39134577.000000,0.000000,0.078300,0.023200,-0.968600,0.000000,0.000000,57.758890,57.259998,,,353.000000
238.000000,25700.000000,39134577.000000,0.000000,0.060900,0.037700,-0.945400,-0.975586,0.000000,,57.930000,,,355.000000
239.000000,25800.000000,39134577.000000,0.000000,0.023200,0.023200,-0.988900,1.625977,0.000000,,57.820000,,,356.000000
240.000000,25900.000000,39134577.000000,0.000000,0.043500,0.000000,-0.977300,0.650391,0.000000,,57.990002,,,358.000000
241.000000,26000.000000,39134577.000000,0.000000,0.104400,0.026100,-0.965700,0.000000,0.000000,,58.049999,,,359.000000
242.000000,26100.000000,39134577.000000,0.000000,0.081200,0.052200,-0.913500,0.325195,0.000000,,58.209999,,,361.000000
243.000000,26200.000000,39134577.000000,0.000000,0.052200,0.020300,-0.890300,,0.000000,,58.439999,,,362.000000
244.000000,26300.000000,39134577.000000,0.000000,0.017400,0.020300,-0.913500,0.650391,0.000000,,58.610001,,,364.000000
245.000000,26400.000000,39134577.000000,0.000000,0.075400,-0.008700,-0.951200,0.325195,0.000000,,58.830002,,,365.000000
246.000000,26500.000000,39134577.000000,0.000000,0.049300,0.023200,-0.942500,-0.325195,0.000000,,59.060001,,,367.000000
247.000000,26600.000000,39134577.000000,0.000000,0.069600,-0.043500,-0.942500,0.000000,0.000000,59.795913,59.110001,,,368.000000
248.000000,26700.000000,39134577.000000,0.000000,0.055100,-0.026100,-0.910600,-1.300781,0.000000,,59.279999,,,370.000000
249.000000,26800.000000,39134577.000000,0.000000,0.034800,0.008700,-0.899000,0.325195,0.000000,,59.680000,,,371.000000
250.000000,26900.000000,39134577.000000,0.000000,0.049300,-0.026100,-0.928000,-0.650391,0.000000,,59.680000,,,373.000000
251.000000,27000.000000,39134577.000000,0.000000,0.060900,-0.017400,-0.925100,-0.975586,0.000000,,60.130001,,,374.000000
252.000000,27100.000000,39134577.000000,0.000000,0.029000,-0.046400,-0.930900,-0.975586,0.000000,,60.180000,,,376.000000
253.000000,27200.000000,39134577.000000,0.000000,0.002900,-0.037700,-0.968600,,0.000000,,60.349998,,,377.000000
254.000000,27300.000000,39134577.000000,0.000000,0.020300,-0.017400,-0.994700,0.000000,0.000000,,60.410000,,,379.000000
255.000000,27400.000000,39134577.000000,0.000000,0.011600,-0.017400,-0.991800,-0.975586,0.000000,,60.520000,,,380.000000
256.000000,27500.000000,39134577.000000,0.000000,0.029000,0.011600,-0.945400,-0.650391,0.000000,,60.009998,,,382.000000
257.000000,27600.000000,39134577.000000,0.000000,-0.052200,-0.121800,-1.049800,-0.650391,0.000000,61.295904,61.080002,,,383.000000
258.000000,27700.000000,39134577.000000,0.000000,0.046400,0.037700,-0.936700,-0.975586,0.000000,,60.860001,,,385.000000
259.000000,27800.000000,39134577.000000,0.000000,0.011600,-0.017400,-0.887400,-0.975586,0.000000,,60.630001,,,386.000000
260.000000,27900.000000,39134577.000000,0.000000,0.002900,0.000000,-0.945400,-0.650391,0.000000,,60.910000,,,388.000000
261.000000,28000.000000,39134577.000000,0.000000,0.026100,-0.031900,-0.977300,-0.325195,0.000000,,60.860001,,,389.000000
262.000000,28100.000000,39134577.000000,0.000000,0.020300,-0.026100,-0.968600,-0.325195,0.000000,,60.970001,,,391.000000
263.000000,28200.000000,39134577.000000,0.000000,0.020300,-0.005800,-0.954100,,0.000000,,61.080002,,,392.000000
264.000000,28300.000000,39134577.000000,0.000000,0.008700,-0.005800,-0.954100,-0.325195,0.000000,,61.310001,,,394.000000
265.000000,28400.000000,39134577.000000,0.000000,0.040600,-0.008700,-0.939600,-0.325195,0.000000,,61.139999,,,395.000000
266.000000,28500.000000,39134577.000000,0.000000,0.026100,-0.014500,-0.942500,0.000000,0.000000,,61.419998,,,397.000000
267.000000,28600.000000,39134577.000000,0.000000,0.023200,0.023200,-0.945400,0.000000,0.000000,62.351450,61.650002,,,398.000000
268.000000,28700.000000,39134577.000000,0.000000,0.014500,0.034800,-0.957000,-0.325195,0.000000,,61.700001,,,400.000000
269.000000,28800.000000,39134577.000000,0.000000,0.005800,0.031900,-0.980200,0.000000,0.000000,,61.869999,,,401.000000
270.000000,28900.000000,39134577.000000,0.000000,0.031900,0.008700,-0.977300,0.000000,0.000000,,61.980000,,,403.000000
271.000000,29000.000000,39134577.000000,0.000000,0.031900,0.017400,-0.974400,0.000000,0.000000,,62.150002,,,404.000000
272.000000,29100.000000,39134577.000000,0.000000,0.029000,0.049300,-0.957000,-0.325195,0.000000,,62.150002,,,406.000000
273.000000,29200.000000,39134577.000000,0.000000,0.034800,0.005800,-0.962800,,0.000000,,62.380001,,,407.000000
274.000000,29300.000000,39134577.000000,0.000000,0.029000,-0.005800,-0.928000,0.000000,0.000000,,62.430000,,,409.000000
275.000000,29400.000000,39134577.000000,0.000000,0.023200,0.000000,-0.959900,-0.650391,0.000000,,62.599998,,,410.000000
276.000000,29500.000000,39134577.000000,0.000000,0.000000,-0.040600,-0.954100,-0.975586,0.000000,,62.709999,,,412.000000
277.000000,29600.000000,39134577.000000,0.000000,0.026100,-0.014500,-0.983100,-1.300781,0.000000,63.425521,62.880001,,,413.000000
278.000000,29700.000000,39134577.000000,0.000000,0.026100,-0.005800,-0.983100,-1.300781,0.000000,,62.939999,,,415.000000
279.000000,29800.000000,39134577.000000,0.000000,0.037700,0.000000,-0.968600,-0.975586,0.000000,,62.939999,,,416.000000
280.000000,29900.000000,39134577.000000,0.000000,0.034800,-0.005800,-0.919300,-0.975586,0.000000,,63.049999,,,418.000000
281.000000,30000.000000,39134577.000000,0.000000,0.031900,-0.002900,-0.913500,-0.975586,0.000000,,63.220001,,,419.000000
282.000000,30100.000000,39134577.000000,0.000000,0.017400,-0.008700,-0.916400,-0.975586,0.000000,,63.450001,,,421.000000
283.000000,30200.000000,39134577.000000,0.000000,0.002900,-0.023200,-0.959900,,0.000000,,63.560001,,,422.000000
284.000000,30300.000000,39134577.000000,0.000000,0.020300,0.023200,-0.977300,-0.650391,0.000000,,63.669998,,,424.000000
285.000000,30400.000000,39134577.000000,0.000000,0.020300,-0.011600,-0.980200,-0.650391,0.000000,,63.840000,,,425.000000
286.000000,30500.000000,39134577.000000,0.000000,0.026100,0.029000,-0.922200,0.000000,0.000000,,63.779999,,,427.000000
287.000000,30600.000000,39134577.000000,0.000000,0.000000,-0.049300,-0.991800,-0.975586,0.000000,64.758842,63.950001,,,428.000000
288.000000,30700.000000,39134577.000000,0.000000,-0.011600,-0.008700,-0.983100,-0.325195,0.000000,,64.010002,,,430.000000
289.000000,30800.000000,39134577.000000,0.000000,0.005800,-0.011600,-1.006300,-0.325195,0.000000,,64.059998,,,431.000000
290.000000,30900.000000,39134577.000000,0.000000,0.023200,-0.052200,-0.968600,-0.325195,0.000000,,64.010002,,,433.000000
291.000000,31000.000000,39134577.000000,0.000000,0.014500,-0.002900,-0.968600,0.000000,0.000000,,64.180000,,,434.000000
292.000000,31100.000000,39134577.000000,0.000000,0.005800,0.011600,-0.916400,-0.650391,0.000000,,64.010002,,,436.000000
293.000000,31200.000000,39134577.000000,0.000000,0.011600,0.000000,-0.957000,,0.000000,,64.180000,,,437.000000
294.000000,31300.000000,39134577.000000,0.000000,0.005800,0.017400,-0.893200,-0.325195,0.000000,,64.180000,,,439.000000
295.000000,31400.000000,39134577.000000,0.000000,0.005800,0.029000,-0.901900,-0.325195,0.000000,,64.180000,,,440.000000
296.000000,31500.000000,39134577.000000,0.000000,-0.011600,0.002900,-0.916400,-0.325195,0.000000,,64.290001,,,442.000000
297.000000,31600.000000,39134577.000000,0.000000,-0.008700,0.037700,-0.933800,-0.325195,0.000000,65.332912,64.290001,,,443.000000
298.000000,31700.000000,39134577.000000,0.000000,0.005800,-0.040600,-0.942500,-0.650391,0.000000,,64.349998,,,445.000000
299.000000,31800.000000,39134577.000000,0.000000,-0.002900,-0.005800,-0.954100,-0.650391,0.000000,,64.739998,,,446.000000
300.000000,31900.000000,39134577.000000,0.000000,-0.043500,-0.052200,-0.997600,-0.975586,0.000000,,64.800003,,,448.000000
301.000000,32000.000000,39134577.000000,0.000000,-0.008700,-0.063800,-1.096200,-0.650391,0.000000,,64.849998,,,449.000000
302.000000,32100.000000,39134577.000000,0.000000,0.029000,0.037700,-1.041100,-0.975586,0.000000,,64.739998,,,451.000000
303.000000,32200.000000,39134577.000000,0.000000,0.037700,-0.023200,-0.954100,,0.000000,,64.510002,,,452.000000
304.000000,32300.000000,39134577.000000,0.000000,-0.005800,-0.063800,-0.957000,0.000000,0.000000,,64.849998,,,454.000000
305.000000,32400.000000,39134577.000000,0.000000,-0.040600,0.011600,-1.006300,-0.650391,0.000000,,64.800003,,,455.000000
306.000000,32500.000000,39134577.000000,0.000000,-0.020300,-0.081200,-1.073000,0.000000,0.000000,,65.190002,,,457.000000
307.000000,32600.000000,39134577.000000,0.000000,0.078300,0.011600,-1.041100,0.000000,0.000000,66.314390,64.959999,,,458.000000
308.000000,32700.000000,39134577.000000,0.000000,0.017400,-0.008700,-0.994700,-0.650391,0.000000,,65.250000,,,460.000000
309.000000,32800.000000,39134577.000000,0.000000,0.037700,0.014500,-0.942500,-0.650391,0.000000,,64.959999,,,461.000000
310.000000,32900.000000,39134577.000000,0.000000,0.002900,-0.014500,-0.948300,-0.325195,0.000000,,65.019997,,,463.000000
311.000000,33000.000000,39134577.000000,0.000000,0.014500,0.002900,-0.951200,0.000000,0.000000,,64.959999,,,464.000000
312.000000,33100.000000,39134577.000000,0.000000,-0.005800,-0.017400,-0.962800,0.650391,0.000000,,65.080002,,,466.000000
313.000000,33200.000000,39134577.000000,0.000000,0.011600,-0.011600,-0.994700,,0.000000,,65.019997,,,467.000000
314.000000,33300.000000,39134577.000000,0.000000,-0.002900,0.000000,-0.962800,0.000000,0.000000,,65.190002,,,469.000000
315.000000,33400.000000,39134577.000000,0.000000,0.008700,0.029000,-0.959900,-0.650391,0.000000,,65.080002,,,470.000000
316.000000,33500.000000,39134577.000000,0.000000,-0.034800,-0.034800,-0.951200,-0.325195,0.000000,,64.849998,,,472.000000
317.000000,33600.000000,39134577.000000,0.000000,0.000000,-0.037700,-1.003400,0.000000,0.000000,66.295871,65.080002,,,473.000000
318.000000,33700.000000,39134577.000000,0.000000,-0.008700,-0.008700,-0.988900,-0.325195,0.000000,,65.019997,,,475.000000
319.000000,33800.000000,39134577.000000,0.000000,0.011600,0.020300,-0.945400,0.000000,0.000000,,64.849998,,,476.000000
320.000000,33900.000000,39134577.000000,0.000000,0.002900,0.011600,-0.945400,-0.650391,0.000000,,64.739998,,,478.000000
321.000000,34000.000000,39134577.000000,0.000000,0.002900,0.008700,-0.942500,-0.650391,0.000000,,64.680000,,,479.000000
322.000000,34100.000000,39134577.000000,0.000000,-0.002900,-0.031900,-0.957000,-0.325195,0.000000,,64.570000,,,481.000000
323.000000,34200.000000,39134577.000000,0.000000,-0.014500,-0.002900,-0.977300,,0.000000,,64.800003,,,482.000000
324.000000,34300.000000,39134577.000000,0.000000,0.005800,-0.026100,-0.974400,-0.650391,0.000000,,64.629997,,,484.000000
325.000000,34400.000000,39134577.000000,0.000000,0.000000,-0.017400,-0.968600,-0.650391,0.000000,,64.570000,,,485.000000
326.000000,34500.000000,39134577.000000,0.000000,-0.011600,-0.008700,-0.951200,-0.325195,0.000000,,64.510002,,,487.000000
327.000000,34600.000000,39134577.000000,0.000000,-0.011600,0.002900,-0.977300,-0.975586,0.000000,65.166250,64.459999,,,488.000000
328.000000,34700.000000,39134577.000000,0.000000,-0.002900,0.000000,-0.980200,-0.650391,0.000000,,64.510002,,,490.000000
329.000000,34800.000000,39134577.000000,0.000000,0.014500,0.002900,-0.957000,-0.325195,0.000000,,64.349998,,,491.000000
330.000000,34900.000000,39134577.000000,0.000000,0.000000,-0.011600,-0.945400,-0.325195,0.000000,,64.180000,,,493.000000
331.000000,35000.000000,39134577.000000,0.000000,-0.037700,0.000000,-0.951200,0.000000,0.000000,,64.290001,,,494.000000
332.000000,35100.000000,39134577.000000,0.000000,-0.002900,-0.005800,-0.965700,-0.975586,0.000000,,64.290001,,,496.000000
333.000000,35200.000000,39134577.000000,0.000000,0.000000,0.000000,-0.962800,,0.000000,,64.230003,,,497.000000
334.000000,35300.000000,39134577.000000,0.000000,0.017400,0.017400,-0.965700,-0.325195,0.000000,,64.120003,,,499.000000
335.000000,35400.000000,39134577.000000,0.000000,0.014500,0.026100,-0.954100,0.000000,0.000000,,64.059998,,,500.000000
336.000000,35500.000000,39134577.000000,0.000000,0.011600,0.023200,-0.939600,-0.325195,0.000000,,64.180000,,,502.000000
337.000000,35600.000000,39134577.000000,0.000000,0.020300,0.023200,-0.910600,-0.325195,0.000000,64.481067,64.180000,,,503.000000
338.000000,35700.000000,39134577.000000,0.000000,0.014500,0.014500,-0.948300,0.000000,0.000000,,64.230003,,,505.000000
339.000000,35800.000000,39134577.000000,0.000000,0.002900,-0.023200,-0.928000,0.000000,0.000000,,64.400002,,,506.000000
340.000000,35900.000000,39134577.000000,0.000000,,,,0.000000,0.000000,,64.459999,,,508.000000
341.000000,36000.000000,39134577.000000,0.000000,0.037700,-0.029000,-1.012100,-0.325195,0.000000,,64.459999,,,509.000000
342.000000,36100.000000,39134577.000000,0.000000,0.040600,0.020300,-0.971500,0.000000,0.000000,,64.349998,,,511.000000
343.000000,36200.000000,39134577.000000,0.000000,0.049300,0.052200,-0.901900,0.000000,0.000000,,64.059998,,,512.000000
344.000000,36300.000000,39134577.000000,0.000000,0.023200,-0.002900,-0.907700,,0.000000,,64.230003,,,514.000000
345.000000,36400.000000,39134577.000000,0.000000,-0.075400,0.058000,-0.986000,0.000000,0.000000,,64.739998,,,515.000000
346.000000,36500.000000,39134577.000000,0.000000,0.002900,-0.008700,-1.107800,0.650391,0.000000,,64.680000,,,517.000000
347.000000,36600.000000,39134577.000000,0.000000,0.066700,0.081200,-1.032400,0.325195,0.000000,65.147731,64.230003,,,518.000000
348.000000,36700.000000,39134577.000000,0.000000,0.075400,0.058000,-0.910600,0.000000,1.000000,,64.010002,,,520.000000
349.000000,36800.000000,39134577.000000,0.000000,-0.043500,0.034800,-0.841000,1.951172,1.000000,,64.290001,,,521.000000
350.000000,36900.000000,39134577.000000,0.000000,-0.040600,0.040600,-0.925100,0.975586,1.000000,,64.230003,,,523.000000
351.000000,37000.000000,39134577.000000,0.000000,-0.029000,0.031900,-0.965700,0.650391,1.000000,,63.950001,,,524.000000
352.000000,37100.000000,39134577.000000,0.000000,-0.034800,0.037700,-1.020800,0.325195,1.000000,,63.730000,,,526.000000
353.000000,37200.000000,39134577.000000,0.000000,-0.034800,0.008700,-0.994700,-0.325195,1.000000,,63.389999,,,527.000000
354.000000,37300.000000,39134577.000000,0.000000,-0.066700,0.000000,-0.936700,,1.000000,,63.220001,,,529.000000
355.000000,37400.000000,39134577.000000,0.000000,-0.084100,0.098600,-0.951200,0.325195,1.000000,,63.110001,,,530.000000
356.000000,37500.000000,39134577.000000,0.000000,-0.089900,0.037700,-0.977300,0.000000,1.000000,,62.770000,,,532.000000
357.000000,37600.000000,39134577.000000,0.000000,,,,-0.325195,1.000000,62.851451,62.320000,,,533.000000
358.000000,37700.000000,39134577.000000,0.000000,-0.121800,-0.020300,-1.061400,-0.325195,1.000000,,62.259998,,,535.000000
359.000000,37800.000000,39134577.000000,0.000000,-0.104400,-0.081200,-1.055600,-2.276367,1.000000,,61.590000,,,536.000000
360.000000,37900.000000,39134577.000000,0.000000,0.002900,-0.020300,-0.899000,0.000000,1.000000,,60.459999,,,538.000000
361.000000,38000.000000,39134577.000000,0.000000,-0.043500,0.232000,-0.754000,-0.325195,1.000000,,59.730000,,,539.000000
362.000000,38100.000000,39134577.000000,0.000000,-0.142100,0.075400,-0.794600,0.000000,1.000000,,60.520000,,,541.000000
363.000000,38200.000000,39134577.000000,0.000000,-0.176900,0.000000,-0.988900,-1.300781,1.000000,,60.410000,,,542.000000
364.000000,38300.000000,39134577.000000,0.000000,-0.156600,-0.142100,-1.162900,-2.601562,1.000000,,59.849998,,,544.000000
365.000000,38400.000000,39134577.000000,0.000000,-0.081200,-0.046400,-1.154200,,1.000000,,59.340000,,,545.000000
366.000000,38500.000000,39134577.000000,0.000000,-0.049300,0.037700,-0.980200,0.000000,1.000000,,58.500000,,,547.000000
367.000000,38600.000000,39134577.000000,0.000000,-0.095700,0.034800,-0.901900,-0.650391,1.000000,60.814428,58.330002,,,548.000000
368.000000,38700.000000,39134577.000000,0.000000,-0.104400,-0.023200,-0.870000,-0.975586,1.000000,,57.759998,,,550.000000
369.000000,38800.000000,39134577.000000,0.000000,-0.118900,-0.034800,-0.925100,-1.951172,1.000000,,57.369999,,,551.000000
370.000000,38900.000000,39134577.000000,0.000000,-0.118900,-0.014500,-0.962800,0.000000,1.000000,,57.029999,,,553.000000
371.000000,39000.000000,39134577.000000,0.000000,-0.113100,-0.026100,-1.000500,-0.325195,1.000000,,56.529999,,,554.000000
372.000000,39100.000000,39134577.000000,0.000000,-0.101500,-0.020300,-0.994700,-0.650391,1.000000,,56.080002,,,556.000000
373.000000,39200.000000,39134577.000000,0.000000,-0.127600,-0.034800,-0.957000,-0.650391,1.000000,,55.630001,,,557.000000
374.000000,39300.000000,39134577.000000,0.000000,-0.142100,0.000000,-0.948300,-1.300781,1.000000,,55.009998,,,559.000000
375.000000,39400.000000,39134577.000000,0.000000,-0.145000,0.020300,-0.962800,,1.000000,,54.560001,,,560.000000
376.000000,39500.000000,39134577.000000,0.000000,-0.133400,0.037700,-0.962800,-0.325195,1.000000,,54.000000,,,562.000000
377.000000,39600.000000,39134577.000000,0.000000,-0.130500,0.011600,-0.968600,0.000000,1.000000,55.203350,53.599998,,,563.000000
378.000000,39700.000000,39134577.000000,0.000000,-0.145000,0.026100,-0.965700,0.000000,1.000000,,52.930000,,,565.000000
379.000000,39800.000000,39134577.000000,0.000000,-0.147900,-0.005800,-0.962800,0.000000,1.000000,,52.419998,,,566.000000
380.000000,39900.000000,39134577.000000,0.000000,-0.130500,0.017400,-0.951200,1.300781,1.000000,,51.970001,,,568.000000
381.000000,40000.000000,39134577.000000,0.000000,-0.150800,0.002900,-0.954100,0.325195,1.000000,,51.299999,,,569.000000
382.000000,40100.000000,39134577.000000,0.000000,-0.150800,0.017400,-0.971500,0.000000,1.000000,,50.790001,,,571.000000
383.000000,40200.000000,39134577.000000,0.000000,-0.153700,0.031900,-0.986000,0.000000,1.000000,,50.110001,,,572.000000
384.000000,40300.000000,39134577.000000,0.000000,-0.139200,-0.017400,-0.977300,-0.325195,1.000000,,49.830002,,,574.000000
385.000000,40400.000000,39134577.000000,0.000000,-0.127600,0.017400,-0.951200,,1.000000,,49.099998,,,575.000000
386.000000,40500.000000,39134577.000000,0.000000,-0.142100,0.002900,-0.954100,0.000000,1.000000,,48.480000,,,577.000000
387.000000,40600.000000,39134577.000000,0.000000,-0.162400,0.029000,-0.994700,0.000000,1.000000,51.888558,48.259998,,,578.000000
388.000000,40700.000000,39134577.000000,0.000000,-0.145000,0.037700,-0.991800,0.000000,1.000000,,47.580002,,,580.000000
389.000000,40800.000000,39134577.000000,0.000000,-0.116000,0.031900,-0.965700,0.000000,1.000000,,46.849998,,,581.000000
390.000000,40900.000000,39134577.000000,0.000000,-0.136300,0.011600,-0.959900,0.325195,1.000000,,46.570000,,,583.000000
391.000000,41000.000000,39134577.000000,0.000000,-0.147900,0.005800,-0.951200,-0.325195,1.000000,,45.779999,,,584.000000
392.000000,41100.000000,39134577.000000,0.000000,-0.159500,0.005800,-0.957000,0.000000,1.000000,,45.389999,,,586.000000
393.000000,41200.000000,39134577.000000,0.000000,-0.150800,-0.014500,-0.951200,0.000000,1.000000,,44.709999,,,587.000000
394.000000,41300.000000,39134577.000000,0.000000,-0.147900,0.029000,-0.971500,0.000000,1.000000,,44.209999,,,589.000000
395.000000,41400.000000,39134577.000000,0.000000,-0.156600,-0.008700,-0.983100,-0.325195,1.000000,,43.869999,,,590.000000
396.000000,41500.000000,39134577.000000,0.000000,-0.150800,0.014500,-0.962800,,1.000000,,43.139999,,,592.000000
397.000000,41600.000000,39134577.000000,0.000000,-0.139200,-0.002900,-0.962800,-0.325195,1.000000,45.573782,42.520000,,,593.000000
398.000000,41700.000000,39134577.000000,0.000000,-0.150800,0.011600,-0.971500,-0.650391,1.000000,,42.009998,,,595.000000
399.000000,41800.000000,39134577.000000,0.000000,-0.150800,0.014500,-0.977300,-0.325195,1.000000,,41.450001,,,596.000000
400.000000,41900.000000,39134577.000000,0.000000,-0.153700,0.000000,-0.965700,-0.650391,1.000000,,41.000000,,,598.000000
401.000000,42000.000000,39134577.000000,0.000000,-0.147900,-0.002900,-0.977300,-0.325195,1.000000,,40.330002,,,599.000000
402.000000,42100.000000,39134577.000000,0.000000,-0.156600,-0.011600,-0.994700,-0.325195,1.000000,,39.820000,,,601.000000
403.000000,42200.000000,39134577.000000,0.000000,-0.156600,0.000000,-0.957000,-0.650391,1.000000,,39.200001,,,602.000000
404.000000,42300.000000,39134577.000000,0.000000,-0.136300,0.014500,-0.962800,-0.650391,1.000000,,38.529999,,,604.000000
405.000000,42400.000000,39134577.000000,0.000000,-0.147900,-0.020300,-0.951200,-0.650391,1.000000,,37.910000,,,605.000000
406.000000,42500.000000,39134577.000000,0.000000,-0.150800,-0.017400,-0.965700,,1.000000,,37.400002,,,607.000000
407.000000,42600.000000,39134577.000000,0.000000,-0.162400,0.026100,-0.954100,-0.325195,1.000000,42.703432,36.779999,,,608.000000
408.000000,42700.000000,39134577.000000,0.000000,-0.153700,-0.002900,-0.968600,-0.650391,1.000000,,36.279999,,,610.000000
409.000000,42800.000000,39134577.000000,0.000000,-0.156600,-0.020300,-0.957000,-0.325195,1.000000,,35.599998,,,611.000000
410.000000,42900.000000,39134577.000000,0.000000,-0.156600,-0.005800,-0.971500,-0.325195,1.000000,,35.099998,,,613.000000
411.000000,43000.000000,39134577.000000,0.000000,-0.165300,0.020300,-0.951200,-0.650391,1.000000,,34.480000,,,614.000000
412.000000,43100.000000,39134577.000000,0.000000,-0.171100,-0.008700,-0.980200,-0.650391,1.000000,,33.910000,,,616.000000
413.000000,43200.000000,39134577.000000,0.000000,-0.168200,-0.011600,-0.954100,-0.650391,1.000000,,33.180000,,,617.000000
414.000000,43300.000000,39134577.000000,0.000000,-0.171100,0.008700,-0.971500,-0.975586,1.000000,,32.730000,,,619.000000
415.000000,43400.000000,39134577.000000,0.000000,-0.153700,0.002900,-0.968600,-0.325195,1.000000,,31.950001,,,620.000000
416.000000,43500.000000,39134577.000000,0.000000,-0.179800,-0.017400,-0.965700,,1.000000,,31.500000,,,622.000000
417.000000,43600.000000,39134577.000000,0.000000,-0.162400,0.002900,-0.971500,-0.975586,1.000000,35.129406,30.820000,,,623.000000
418.000000,43700.000000,39134577.000000,0.000000,-0.165300,0.029000,-0.965700,0.000000,1.000000,,30.150000,,,625.000000
419.000000,43800.000000,39134577.000000,0.000000,-0.171100,0.008700,-0.974400,-0.975586,1.000000,,29.530001,,,626.000000
420.000000,43900.000000,39134577.000000,0.000000,-0.165300,0.008700,-0.959900,0.000000,1.000000,,28.910000,,,628.000000
421.000000,44000.000000,39134577.000000,0.000000,-0.176900,-0.005800,-0.974400,-0.325195,1.000000,,28.400000,,,629.000000
422.000000,44100.000000,39134577.000000,0.000000,-0.168200,0.014500,-0.968600,-0.650391,1.000000,,27.730000,,,631.000000
423.000000,44200.000000,39134577.000000,0.000000,-0.176900,0.017400,-0.974400,0.000000,1.000000,,27.049999,,,632.000000
424.000000,44300.000000,39134577.000000,0.000000,-0.182700,0.008700,-0.977300,0.000000,1.000000,,26.490000,,,634.000000
425.000000,44400.000000,39134577.000000,0.000000,-0.168200,-0.017400,-0.957000,0.000000,1.000000,,25.700001,,,635.000000
426.000000,44500.000000,39134577.000000,0.000000,-0.179800,-0.011600,-0.986000,,1.000000,,25.200001,,,637.000000
427.000000,44600.000000,39134577.000000,0.000000,-0.168200,0.008700,-0.968600,-0.650391,1.000000,29.647959,24.520000,,,638.000000
428.000000,44700.000000,39134577.000000,0.000000,-0.168200,0.031900,-0.962800,-0.325195,1.000000,,23.790001,,,640.000000
429.000000,44800.000000,39134577.000000,0.000000,-0.179800,-0.023200,-0.965700,0.325195,1.000000,,23.170000,,,641.000000
430.000000,44900.000000,39134577.000000,0.000000,-0.171100,-0.002900,-0.974400,-0.325195,1.000000,,22.500000,,,643.000000
431.000000,45000.000000,39134577.000000,0.000000,-0.168200,0.008700,-0.962800,-0.650391,1.000000,,21.760000,,,644.000000
432.000000,45100.000000,39134577.000000,0.000000,-0.168200,0.008700,-0.951200,-0.975586,1.000000,,21.090000,,,646.000000
433.000000,45200.000000,39134577.000000,0.000000,-0.159500,0.000000,-0.965700,-0.325195,1.000000,,20.700001,,,647.000000
434.000000,45300.000000,39134577.000000,0.000000,-0.142100,-0.020300,-0.980200,-0.325195,1.000000,,20.129999,,,649.000000
435.000000,45400.000000,39134577.000000,0.000000,-0.127600,0.000000,-0.965700,-0.325195,1.000000,,19.629999,,,650.000000
436.000000,45500.000000,39134577.000000,0.000000,-0.130500,0.005800,-0.951200,,1.000000,,19.180000,,,652.000000
437.000000,45600.000000,39134577.000000,0.000000,-0.133400,-0.005800,-0.974400,-1.300781,1.000000,23.907254,18.840000,,,653.000000
438.000000,45700.000000,39134577.000000,0.000000,-0.113100,0.002900,-0.957000,-0.975586,1.000000,,18.280001,,,655.000000
439.000000,45800.000000,39134577.000000,0.000000,-0.124700,0.000000,-0.980200,0.000000,1.000000,,17.709999,,,656.000000
440.000000,45900.000000,39134577.000000,0.000000,-0.136300,0.000000,-0.980200,-0.325195,1.000000,,17.260000,,,658.000000
441.000000,46000.000000,39134577.000000,0.000000,-0.124700,0.058000,-0.939600,0.000000,1.000000,,16.809999,,,659.000000
442.000000,46100.000000,39134577.000000,0.000000,-0.124700,0.040600,-0.939600,-0.650391,1.000000,,16.200001,,,661.000000
443.000000,46200.000000,39134577.000000,0.000000,-0.142100,0.000000,-0.974400,-0.325195,1.000000,,15.630000,,,662.000000
444.000000,46300.000000,39134577.000000,0.000000,-0.139200,-0.052200,-0.988900,-0.650391,1.000000,,15.070000,,,664.000000
445.000000,46400.000000,39134577.000000,0.000000,-0.118900,0.020300,-0.957000,-0.650391,1.000000,,14.680000,,,665.000000
446.000000,46500.000000,39134577.000000,0.000000,-0.142100,0.040600,-0.971500,-0.650391,1.000000,,14.280000,,,667.000000
447.000000,46600.000000,39134577.000000,0.000000,-0.139200,0.058000,-0.942500,,1.000000,18.129513,13.720000,,,668.000000
448.000000,46700.000000,39134577.000000,0.000000,-0.139200,0.017400,-0.977300,-0.650391,1.000000,,13.270000,,,669.000000
449.000000,46800.000000,39134577.000000,0.000000,-0.118900,-0.002900,-0.962800,-0.650391,1.000000,,12.710000,,2.000000,671.000000
450.000000,46900.000000,39134577.000000,0.000000,-0.101500,0.020300,-0.965700,-0.975586,1.000000,,12.430000,,,672.000000
451.000000,47000.000000,39134577.000000,0.000000,-0.058000,0.017400,-0.965700,-0.650391,1.000000,,12.090000,,,674.000000
452.000000,47100.000000,39134577.000000,0.000000,-0.034800,0.000000,-0.962800,-0.325195,1.000000,,12.030000,,,675.000000
453.000000,47200.000000,39134577.000000,0.000000,-0.029000,0.055100,-0.945400,-0.650391,1.000000,,11.920000,,,677.000000
454.000000,47300.000000,39134577.000000,0.000000,-0.023200,0.020300,-0.980200,-0.325195,1.000000,,11.810000,,,678.000000
455.000000,47400.000000,39134577.000000,0.000000,-0.046400,-0.014500,-0.983100,-0.975586,1.000000,,11.360000,,2.000000,680.000000
456.000000,47500.000000,39134577.000000,0.000000,-0.075400,0.000000,-1.035300,-1.625977,1.000000,,11.470000,,,681.000000
457.000000,47600.000000,39134577.000000,0.000000,0.017400,0.026100,-0.907700,,1.000000,11.814739,11.530000,,,683.000000
458.000000,47700.000000,39134577.000000,0.000000,0.023200,0.084100,-0.823600,-0.650391,1.000000,,11.020000,,,684.000000
459.000000,47800.000000,39134577.000000,0.000000,-0.049300,0.023200,-0.942500,-0.325195,1.000000,,10.850000,,,686.000000
460.000000,47900.000000,39134577.000000,0.000000,-0.107300,-0.055100,-1.044000,-1.625977,1.000000,,10.570000,,,687.000000
461.000000,48000.000000,39134577.000000,0.000000,-0.185600,0.055100,-1.125200,-1.300781,1.000000,,10.350000,,,689.000000
462.000000,48100.000000,39134577.000000,0.000000,-0.133400,0.127600,-1.023700,-0.975586,1.000000,,9.840000,,,690.000000
463.000000,48200.000000,39134577.000000,0.000000,-0.089900,0.069600,-0.899000,-1.300781,1.000000,,9.330000,,2.000000,692.000000
464.000000,48300.000000,39134577.000000,0.000000,-0.072500,-0.037700,-0.849700,-0.650391,1.000000,,8.880000,,,693.000000
465.000000,48400.000000,39134577.000000,0.000000,-0.089900,-0.058000,-0.930900,-0.325195,1.000000,,8.210000,,,695.000000
466.000000,48500.000000,39134577.000000,0.000000,-0.130500,0.000000,-0.965700,-0.650391,1.000000,,7.700000,,,696.000000
467.000000,48600.000000,39134577.000000,0.000000,-0.185600,0.101500,-0.994700,-0.975586,1.000000,9.166608,7.420000,,,698.000000
468.000000,48700.000000,39134577.000000,0.000000,-0.182700,0.113100,-0.968600,,1.000000,,7.200000,,,699.000000
469.000000,48800.000000,39134577.000000,0.000000,-0.104400,0.002900,-0.986000,-0.650391,1.000000,,6.690000,,,701.000000
470.000000,48900.000000,39134577.000000,0.000000,-0.040600,-0.034800,-0.980200,0.000000,1.000000,,5.900000,,,702.000000
471.000000,49000.000000,39134577.000000,0.000000,-0.075400,0.037700,-0.965700,-0.975586,1.000000,,5.400000,,,704.000000
472.000000,49100.000000,39134577.000000,0.000000,-0.127600,0.060900,-0.962800,0.325195,1.000000,,4.950000,,,705.000000
473.000000,49200.000000,39134577.000000,0.000000,-0.127600,0.104400,-0.959900,0.325195,1.000000,,4.610000,,0.000000,707.000000
474.000000,49300.000000,39134577.000000,0.000000,-0.110200,0.052200,-0.983100,0.000000,1.000000,,4.160000,,,708.000000
475.000000,49400.000000,39134577.000000,0.000000,-0.095700,0.026100,-0.971500,-0.325195,1.000000,,3.760000,,,710.000000
476.000000,49500.000000,39134577.000000,0.000000,-0.055100,0.011600,-0.959900,-0.325195,1.000000,,3.600000,,2.000000,711.000000
477.000000,49600.000000,39134577.000000,0.000000,-0.002900,0.020300,-0.951200,0.325195,1.000000,5.814778,3.480000,,,713.000000
478.000000,49700.000000,39134577.000000,0.000000,0.008700,0.026100,-0.957000,,1.000000,,3.430000,,,714.000000
479.000000,49800.000000,39134577.000000,0.000000,0.005800,0.023200,-0.957000,0.000000,1.000000,,3.370000,,0.000000,716.000000
480.000000,49900.000000,39134577.000000,0.000000,0.005800,0.023200,-0.957000,0.000000,1.000000,,3.310000,,,717.000000
481.000000,50000.000000,39134577.000000,0.000000,0.005800,0.023200,-0.959900,-0.975586,1.000000,,3.370000,,,719.000000
482.000000,50100.000000,39134577.000000,0.000000,0.014500,0.014500,-0.957000,0.000000,1.000000,,3.370000,,,720.000000
483.000000,50200.000000,39134577.000000,0.000000,-0.037700,0.046400,-0.968600,0.000000,1.000000,,3.200000,,,722.000000
484.000000,50300.000000,39134577.000000,0.000000,-0.069600,0.037700,-0.971500,0.000000,1.000000,,2.980000,,,723.000000
485.000000,50400.000000,39134577.000000,0.000000,-0.075400,0.020300,-0.959900,0.000000,1.000000,,0.000000,,,725.000000
486.000000,50500.000000,39134577.000000,0.000000,-0.060900,0.031900,-0.954100,-1.300781,1.000000,,0.000000,,,726.000000
487.000000,50600.000000,39134577.000000,0.000000,-0.014500,0.029000,-0.957000,0.000000,1.000000,0.333331,0.000000,,,728.000000
488.000000,50700.000000,39134577.000000,0.000000,0.049300,0.026100,-0.968600,,0.000000,,0.000000,,,729.000000
489.000000,50800.000000,39134577.000000,0.000000,0.063800,0.023200,-0.962800,0.000000,0.000000,,0.000000,,,731.000000
490.000000,50900.000000,39134577.000000,0.000000,0.060900,0.037700,-0.957000,0.000000,0.000000,,0.000000,,,732.000000
491.000000,51000.000000,39134577.000000,0.000000,0.046400,0.040600,-0.957000,-1.951172,0.000000,,0.000000,,,734.000000
492.000000,51100.000000,39134577.000000,0.000000,0.037700,0.040600,-0.962800,0.650391,0.000000,,0.000000,,,735.000000
493.000000,51200.000000,39134577.000000,0.000000,0.037700,0.037700,-0.957000,0.975586,0.000000,,0.000000,,,737.000000
494.000000,51300.000000,39134577.000000,0.000000,0.063800,0.037700,-0.954100,0.975586,0.000000,,0.000000,,,738.000000
495.000000,51400.000000,39134577.000000,0.000000,0.101500,0.043500,-0.957000,1.951172,0.000000,,3.600000,,,740.000000
496.000000,51500.000000,39134577.000000,0.000000,0.145000,0.040600,-0.959900,0.975586,0.000000,,4.050000,,,741.000000
497.000000,51600.000000,39134577.000000,0.000000,0.176900,0.055100,-0.951200,3.577148,0.000000,0.333331,4.660000,,,743.000000
498.000000,51700.000000,39134577.000000,0.000000,0.194300,0.095700,-0.942500,,0.000000,,5.340000,,,744.000000
499.000000,51800.000000,39134577.000000,0.000000,0.188500,0.095700,-0.951200,6.178711,0.000000,,6.010000,,,746.000000
500.000000,51900.000000,39134577.000000,0.000000,0.185600,0.118900,-0.939600,7.479492,0.000000,,6.580000,,,747.000000
501.000000,52000.000000,39134577.000000,0.000000,0.188500,0.101500,-0.939600,7.154297,0.000000,,7.420000,,,749.000000
502.000000,52100.000000,39134577.000000,0.000000,0.156600,0.156600,-0.968600,11.381836,0.000000,,7.930000,,,750.000000
503.000000,52200.000000,39134577.000000,0.000000,0.136300,0.200100,-0.994700,12.682617,0.000000,,8.490000,,,752.000000
504.000000,52300.000000,39134577.000000,0.000000,0.136300,0.214600,-0.945400,14.308594,0.000000,,8.940000,,,753.000000
505.000000,52400.000000,39134577.000000,0.000000,0.101500,0.179800,-0.954100,15.934570,0.000000,,9.450000,,,755.000000
506.000000,52500.000000,39134577.000000,0.000000,0.081200,0.116000,-0.994700,16.259766,0.000000,,9.840000,,2.000000,756.000000
507.000000,52600.000000,39134577.000000,0.000000,0.075400,0.029000,-1.003400,18.861328,0.000000,4.611082,10.180000,,,758.000000
508.000000,52700.000000,39134577.000000,0.000000,0.107300,0.043500,-0.968600,,0.000000,,10.460000,,,759.000000
509.000000,52800.000000,39134577.000000,0.000000,0.139200,0.171100,-0.907700,18.536133,0.000000,,10.680000,,,761.000000
510.000000,52900.000000,39134577.000000,0.000000,0.130500,0.281300,-0.890300,19.511719,0.000000,,10.910000,,,762.000000
511.000000,53000.000000,39134577.000000,0.000000,0.118900,0.252300,-0.916400,19.511719,0.000000,,11.190000,,,764.000000
512.000000,53100.000000,39134577.000000,0.000000,0.104400,0.176900,-0.948300,20.812500,0.000000,,11.530000,,0.000000,765.000000
513.000000,53200.000000,39134577.000000,0.000000,0.116000,0.127600,-0.965700,22.113281,0.000000,,11.980000,,0.000000,767.000000
514.000000,53300.000000,39134577.000000,0.000000,0.101500,0.098600,-1.003400,21.137695,0.000000,,12.370000,,,768.000000
515.000000,53400.000000,39134577.000000,0.000000,0.205900,0.000000,-1.020800,22.763672,0.000000,,12.430000,,,770.000000
516.000000,53500.000000,39134577.000000,0.000000,0.185600,0.197200,-0.925100,20.487305,0.000000,,12.710000,,,771.000000
517.000000,53600.000000,39134577.000000,0.000000,0.107300,0.301600,-0.901900,20.162109,0.000000,8.296243,13.100000,,,773.000000
518.000000,53700.000000,39134577.000000,0.000000,0.101500,0.188500,-0.933800,22.438477,0.000000,,13.720000,,,774.000000
519.000000,53800.000000,39134577.000000,0.000000,0.159500,0.087000,-0.980200,,0.000000,,14.060000,,,776.000000
520.000000,53900.000000,39134577.000000,0.000000,0.162400,0.171100,-0.939600,22.113281,0.000000,,14.450000,,,777.000000
521.000000,54000.000000,39134577.000000,0.000000,0.139200,0.307400,-0.907700,21.462891,0.000000,,14.900000,,2.000000,779.000000
522.000000,54100.000000,39134577.000000,0.000000,0.133400,0.275500,-0.945400,22.438477,0.000000,,15.410000,,,780.000000
523.000000,54200.000000,39134577.000000,0.000000,0.150800,0.179800,-0.968600,23.088867,0.000000,,15.800000,,,782.000000
524.000000,54300.000000,39134577.000000,0.000000,0.179800,0.092800,-0.959900,21.462891,0.000000,,16.420000,,,783.000000
525.000000,54400.000000,39134577.000000,0.000000,0.185600,0.182700,-0.945400,20.812500,0.000000,,16.930000,,,785.000000
526.000000,54500.000000,39134577.000000,0.000000,0.194300,0.220400,-0.945400,20.162109,0.000000,,17.549999,,,786.000000
527.000000,54600.000000,39134577.000000,0.000000,0.203000,0.208800,-0.942500,20.162109,0.000000,12.629549,18.049999,,,788.000000
528.000000,54700.000000,39134577.000000,0.000000,0.197200,0.153700,-0.925100,18.536133,0.000000,,18.730000,,,789.000000
529.000000,54800.000000,39134577.000000,0.000000,0.217500,0.107300,-0.942500,,0.000000,,19.290001,,,791.000000
530.000000,54900.000000,39134577.000000,0.000000,0.223300,0.095700,-0.948300,14.308594,0.000000,,19.959999,,,792.000000
531.000000,55000.000000,39134577.000000,0.000000,0.229100,0.107300,-0.951200,12.357422,0.000000,,20.639999,,,794.000000
532.000000,55100.000000,39134577.000000,0.000000,0.234900,0.133400,-0.954100,11.707031,0.000000,,21.430000,,,795.000000
533.000000,55200.000000,39134577.000000,0.000000,0.232000,0.153700,-0.942500,12.032227,0.000000,,22.100000,,,797.000000
534.000000,55300.000000,39134577.000000,0.000000,0.223300,0.156600,-0.928000,11.707031,0.000000,,22.719999,,,798.000000
535.000000,55400.000000,39134577.000000,0.000000,0.220400,0.174000,-0.945400,11.707031,0.000000,,23.450001,,,800.000000
536.000000,55500.000000,39134577.000000,0.000000,0.220400,0.142100,-0.948300,10.406250,0.000000,,24.010000,,,801.000000
537.000000,55600.000000,39134577.000000,0.000000,0.197200,0.121800,-0.945400,9.755859,0.000000,18.888768,24.459999,,,803.000000
538.000000,55700.000000,39134577.000000,0.000000,0.156600,0.118900,-0.942500,8.780273,0.000000,,25.080000,,,804.000000
539.000000,55800.000000,39134577.000000,0.000000,0.165300,0.116000,-0.948300,8.129883,0.000000,,25.530001,,,806.000000
540.000000,55900.000000,39134577.000000,0.000000,0.171100,0.095700,-0.942500,6.829102,0.000000,,25.980000,,,807.000000
541.000000,56000.000000,39134577.000000,0.000000,0.174000,0.078300,-0.951200,,0.000000,,26.549999,,,809.000000
542.000000,56100.000000,39134577.000000,0.000000,0.176900,0.087000,-0.948300,4.877930,0.000000,,27.110001,,,810.000000
543.000000,56200.000000,39134577.000000,0.000000,0.185600,0.104400,-0.945400,4.877930,0.000000,,27.610001,,,812.000000
544.000000,56300.000000,39134577.000000,0.000000,0.188500,0.101500,-0.939600,4.227539,0.000000,,28.230000,,,813.000000
545.000000,56400.000000,39134577.000000,0.000000,0.194300,0.098600,-0.945400,4.227539,0.000000,,28.740000,,,815.000000
546.000000,56500.000000,39134577.000000,0.000000,0.182700,0.101500,-0.951200,3.902344,0.000000,,29.360001,,,816.000000
547.000000,56600.000000,39134577.000000,0.000000,0.165300,0.107300,-0.945400,3.577148,0.000000,24.240586,29.860001,,,818.000000
548.000000,56700.000000,39134577.000000,0.000000,0.165300,0.113100,-0.942500,4.227539,0.000000,,30.309999,,,819.000000
549.000000,56800.000000,39134577.000000,0.000000,0.176900,0.089900,-0.957000,2.601562,0.000000,,30.879999,,,821.000000
550.000000,56900.000000,39134577.000000,0.000000,0.182700,0.066700,-0.948300,2.601562,0.000000,,31.440001,,,822.000000
551.000000,57000.000000,39134577.000000,0.000000,0.191400,0.072500,-0.951200,2.601562,0.000000,,32.060001,,,824.000000
552.000000,57100.000000,39134577.000000,0.000000,0.188500,0.110200,-0.948300,,0.000000,,32.560001,,,825.000000
553.000000,57200.000000,39134577.000000,0.000000,0.185600,0.104400,-0.948300,2.926758,0.000000,,33.130001,,,827.000000
554.000000,57300.000000,39134577.000000,0.000000,0.182700,0.092800,-0.945400,2.601562,0.000000,,33.689999,,,828.000000
555.000000,57400.000000,39134577.000000,0.000000,0.185600,0.078300,-0.945400,2.276367,0.000000,,34.200001,,,830.000000
556.000000,57500.000000,39134577.000000,0.000000,0.174000,0.075400,-0.954100,1.951172,0.000000,,34.869999,,,831.000000
557.000000,57600.000000,39134577.000000,0.000000,0.176900,0.066700,-0.948300,1.300781,0.000000,31.925720,35.430000,,,833.000000
558.000000,57700.000000,39134577.000000,0.000000,0.182700,0.029000,-0.948300,0.650391,0.000000,,36.000000,,,834.000000
559.000000,57800.000000,39134577.000000,0.000000,0.176900,0.069600,-0.951200,0.975586,0.000000,,36.560001,,,836.000000
560.000000,57900.000000,39134577.000000,0.000000,0.185600,0.055100,-0.948300,0.650391,0.000000,,37.119999,,,837.000000
561.000000,58000.000000,39134577.000000,0.000000,0.182700,0.063800,-0.951200,0.325195,0.000000,,37.680000,,,839.000000
562.000000,58100.000000,39134577.000000,0.000000,0.185600,0.049300,-0.957000,0.325195,0.000000,,38.250000,,,840.000000
563.000000,58200.000000,39134577.000000,0.000000,0.182700,0.075400,-0.948300,,0.000000,,38.700001,,,842.000000
564.000000,58300.000000,39134577.000000,0.000000,0.174000,0.072500,-0.945400,0.325195,0.000000,,39.259998,,,843.000000
565.000000,58400.000000,39134577.000000,0.000000,0.168200,0.069600,-0.948300,1.300781,0.000000,,39.759998,,,845.000000
566.000000,58500.000000,39134577.000000,0.000000,0.171100,0.055100,-0.957000,0.650391,0.000000,,40.160000,,,846.000000
567.000000,58600.000000,39134577.000000,0.000000,0.168200,0.063800,-0.933800,0.325195,0.000000,37.203466,40.830002,,,848.000000
568.000000,58700.000000,39134577.000000,0.000000,0.179800,0.031900,-0.939600,0.000000,0.000000,,41.279999,,,849.000000
569.000000,58800.000000,39134577.000000,0.000000,0.162400,0.034800,-0.954100,0.000000,0.000000,,41.900002,,,851.000000
570.000000,58900.000000,39134577.000000,0.000000,,,,0.650391,0.000000,,42.410000,,,852.000000
571.000000,59000.000000,39134577.000000,0.000000,0.159500,0.031900,-0.959900,-0.325195,0.000000,,42.799999,,,854.000000
572.000000,59100.000000,39134577.000000,0.000000,0.162400,0.031900,-0.945400,-0.325195,0.000000,,43.310001,,,855.000000
573.000000,59200.000000,39134577.000000,0.000000,0.156600,0.026100,-0.954100,-0.650391,0.000000,,43.650002,,,857.000000
574.000000,59300.000000,39134577.000000,0.000000,0.142100,0.026100,-0.948300,,0.000000,,44.150002,,,858.000000
575.000000,59400.000000,39134577.000000,0.000000,0.116000,0.017400,-0.959900,-0.975586,0.000000,,44.490002,,,860.000000
576.000000,59500.000000,39134577.000000,0.000000,0.113100,0.011600,-0.957000,-1.300781,0.000000,,44.770000,,,861.000000
577.000000,59600.000000,39134577.000000,0.000000,0.113100,0.000000,-0.962800,-1.300781,0.000000,41.981211,45.160000,,,863.000000
578.000000,59700.000000,39134577.000000,0.000000,0.124700,0.017400,-0.957000,-0.975586,0.000000,,45.500000,,,864.000000
579.000000,59800.000000,39134577.000000,0.000000,0.121800,0.008700,-0.951200,-1.300781,0.000000,,46.009998,,,866.000000
580.000000,59900.000000,39134577.000000,0.000000,0.130500,0.034800,-0.965700,-0.650391,0.000000,,46.290001,,,867.000000
581.000000,60000.000000,39134577.000000,0.000000,0.127600,0.014500,-0.951200,-0.975586,0.000000,,46.509998,,,869.000000
582.000000,60100.000000,39134577.000000,0.000000,0.127600,0.037700,-0.933800,-0.975586,0.000000,,47.020000,,,870.000000
583.000000,60200.000000,39134577.000000,0.000000,0.116000,0.029000,-0.933800,-0.650391,0.000000,,47.189999,,,872.000000
584.000000,60300.000000,39134577.000000,0.000000,0.095700,0.031900,-0.959900,,0.000000,,47.470001,,,873.000000
585.000000,60400.000000,39134577.000000,0.000000,0.087000,0.034800,-0.965700,-0.650391,0.000000,,47.980000,,,875.000000
586.000000,60500.000000,39134577.000000,0.000000,0.092800,0.034800,-0.980200,-0.325195,0.000000,,48.259998,,,876.000000
587.000000,60600.000000,39134577.000000,0.000000,0.101500,0.031900,-0.962800,-0.650391,0.000000,,48.259998,,,878.000000
588.000000,60700.000000,39134577.000000,0.000000,0.098600,0.029000,-0.957000,-0.650391,0.000000,,48.599998,,,879.000000
589.000000,60800.000000,39134577.000000,0.000000,0.087000,0.043500,-0.951200,-0.325195,0.000000,,48.759998,,,881.000000
590.000000,60900.000000,39134577.000000,0.000000,0.078300,0.037700,-0.948300,-0.325195,0.000000,,48.820000,,,882.000000
591.000000,61000.000000,39134577.000000,0.000000,0.084100,0.049300,-0.951200,-0.975586,0.000000,,49.209999,,,884.000000
592.000000,61100.000000,39134577.000000,0.000000,0.066700,0.058000,-0.948300,-0.325195,0.000000,,49.209999,,,885.000000
593.000000,61200.000000,39134577.000000,0.000000,0.063800,0.037700,-0.945400,-0.325195,0.000000,,49.270000,,,887.000000
594.000000,61300.000000,39134577.000000,0.000000,0.055100,0.034800,-0.954100,,0.000000,,49.500000,,,888.000000
595.000000,61400.000000,39134577.000000,0.000000,0.031900,0.040600,-0.939600,0.000000,0.000000,,49.439999,,,890.000000
596.000000,61500.000000,39134577.000000,0.000000,0.008700,0.049300,-0.957000,-0.325195,0.000000,,49.380001,,,891.000000
597.000000,61600.000000,39134577.000000,0.000000,0.014500,0.046400,-0.939600,0.000000,0.000000,48.055246,49.549999,,,893.000000
598.000000,61700.000000,39134577.000000,0.000000,0.017400,0.052200,-0.942500,-0.650391,0.000000,,49.380001,,,894.000000
599.000000,61800.000000,39134577.000000,0.000000,0.011600,0.055100,-0.948300,0.000000,0.000000,,49.330002,,,896.000000
600.000000,61900.000000,39134577.000000,0.000000,0.002900,0.058000,-0.948300,0.325195,0.000000,,49.380001,,,897.000000
601.000000,62000.000000,39134577.000000,0.000000,0.026100,0.058000,-0.936700,0.000000,0.000000,,49.439999,,,899.000000
602.000000,62100.000000,39134577.000000,0.000000,0.005800,0.046400,-0.971500,0.325195,0.000000,,49.380001,,,900.000000
603.000000,62200.000000,39134577.000000,0.000000,0.000000,0.089900,-0.957000,0.000000,0.000000,,49.439999,,,902.000000
604.000000,62300.000000,39134577.000000,0.000000,0.011600,0.069600,-0.988900,,0.000000,,49.500000,,,903.000000
605.000000,62400.000000,39134577.000000,0.000000,0.020300,0.087000,-0.962800,0.325195,0.000000,,49.380001,,,905.000000
606.000000,62500.000000,39134577.000000,0.000000,0.011600,0.087000,-0.948300,0.000000,0.000000,,49.270000,,,906.000000
607.000000,62600.000000,39134577.000000,0.000000,-0.005800,0.107300,-0.983100,1.300781,0.000000,50.147826,49.380001,,,908.000000
608.000000,62700.000000,39134577.000000,0.000000,-0.014500,0.095700,-0.983100,0.975586,0.000000,,49.380001,,,909.000000
609.000000,62800.000000,39134577.000000,0.000000,0.005800,0.121800,-1.000500,1.300781,0.000000,,49.160000,,,911.000000
610.000000,62900.000000,39134577.000000,0.000000,0.008700,0.101500,-0.997600,0.975586,0.000000,,49.270000,,,912.000000
611.000000,63000.000000,39134577.000000,0.000000,0.005800,0.110200,-1.006300,-0.325195,0.000000,,49.209999,,,914.000000
612.000000,63100.000000,39134577.000000,0.000000,0.014500,0.049300,-0.980200,0.325195,0.000000,,48.930000,,,915.000000
613.000000,63200.000000,39134577.000000,0.000000,0.037700,0.034800,-0.965700,-0.650391,0.000000,,49.049999,,,917.000000
614.000000,63300.000000,39134577.000000,0.000000,0.008700,0.023200,-0.948300,,0.000000,,48.820000,,,918.000000
615.000000,63400.000000,39134577.000000,0.000000,-0.002900,0.040600,-0.962800,-0.650391,1.000000,,48.540001,,,920.000000
616.000000,63500.000000,39134577.000000,0.000000,-0.046400,0.034800,-0.983100,-1.625977,1.000000,,48.480000,,,921.000000
617.000000,63600.000000,39134577.000000,0.000000,-0.066700,0.063800,-0.980200,-0.650391,1.000000,49.573756,47.919998,,,923.000000
618.000000,63700.000000,39134577.000000,0.000000,-0.081200,0.055100,-0.974400,-0.650391,1.000000,,47.410000,,,924.000000
619.000000,63800.000000,39134577.000000,0.000000,-0.101500,0.049300,-0.974400,-0.650391,1.000000,,47.250000,,,926.000000
620.000000,63900.000000,39134577.000000,0.000000,-0.101500,0.049300,-0.954100,-0.650391,1.000000,,46.570000,,,927.000000
621.000000,64000.000000,39134577.000000,0.000000,-0.101500,0.043500,-0.942500,-2.601562,1.000000,,45.950001,,,929.000000
622.000000,64100.000000,39134577.000000,0.000000,-0.116000,0.046400,-0.936700,-0.325195,1.000000,,45.389999,,,930.000000
623.000000,64200.000000,39134577.000000,0.000000,-0.142100,0.052200,-0.977300,-0.650391,1.000000,,44.880001,,,932.000000
624.000000,64300.000000,39134577.000000,0.000000,-0.156600,0.037700,-0.974400,,1.000000,,44.380001,,,933.000000
625.000000,64400.000000,39134577.000000,0.000000,-0.145000,0.026100,-0.971500,-0.650391,1.000000,,43.700001,,,935.000000
626.000000,64500.000000,39134577.000000,0.000000,-0.139200,0.049300,-0.962800,-2.276367,1.000000,,43.029999,,,936.000000
627.000000,64600.000000,39134577.000000,0.000000,-0.139200,0.020300,-0.968600,-0.325195,1.000000,43.981200,42.580002,,,938.000000
628.000000,64700.000000,39134577.000000,0.000000,-0.136300,0.046400,-0.962800,-0.325195,1.000000,,41.959999,,,939.000000
629.000000,64800.000000,39134577.000000,0.000000,-0.142100,0.020300,-0.962800,-0.650391,1.000000,,41.450001,,,941.000000
630.000000,64900.000000,39134577.000000,0.000000,-0.127600,0.023200,-0.959900,-0.650391,1.000000,,40.830002,,,942.000000
631.000000,65000.000000,39134577.000000,0.000000,-0.101500,0.034800,-0.948300,-1.951172,1.000000,,40.270000,,,944.000000
632.000000,65100.000000,39134577.000000,0.000000,-0.104400,0.034800,-0.948300,0.000000,1.000000,,39.930000,,,945.000000
633.000000,65200.000000,39134577.000000,0.000000,-0.087000,0.092800,-0.959900,-0.325195,1.000000,,39.650002,,,947.000000
634.000000,65300.000000,39134577.000000,0.000000,-0.031900,0.023200,-0.974400,,1.000000,,39.599998,,,948.000000
635.000000,65400.000000,39134577.000000,0.000000,-0.023200,0.055100,-0.971500,-0.325195,1.000000,,39.310001,,,950.000000
636.000000,65500.000000,39134577.000000,0.000000,-0.014500,0.052200,-0.968600,-0.975586,1.000000,,39.259998,,,951.000000
637.000000,65600.000000,39134577.000000,0.000000,-0.011600,0.040600,-0.962800,0.325195,1.000000,42.018249,38.919998,,,953.000000
638.000000,65700.000000,39134577.000000,0.000000,-0.017400,0.037700,-0.959900,-0.325195,1.000000,,38.860001,,,954.000000
639.000000,65800.000000,39134577.000000,0.000000,-0.014500,0.040600,-0.957000,-0.325195,1.000000,,38.639999,,,956.000000
640.000000,65900.000000,39134577.000000,0.000000,-0.008700,0.049300,-0.945400,-0.325195,1.000000,,38.470001,,,957.000000
641.000000,66000.000000,39134577.000000,0.000000,-0.040600,0.049300,-0.962800,0.000000,1.000000,,38.299999,,,959.000000
642.000000,66100.000000,39134577.000000,0.000000,-0.029000,0.034800,-0.971500,0.325195,1.000000,,38.189999,,,960.000000
643.000000,66200.000000,39134577.000000,0.000000,-0.020300,0.043500,-0.965700,-0.325195,1.000000,,37.910000,,,962.000000
644.000000,66300.000000,39134577.000000,0.000000,-0.017400,0.049300,-0.965700,,1.000000,,37.740002,,,963.000000
645.000000,66400.000000,39134577.000000,0.000000,-0.014500,0.081200,-0.951200,0.000000,1.000000,,37.630001,,,965.000000
646.000000,66500.000000,39134577.000000,0.000000,-0.017400,0.081200,-0.959900,0.975586,1.000000,,37.400002,,,966.000000
647.000000,66600.000000,39134577.000000,0.000000,-0.008700,0.078300,-0.962800,1.625977,1.000000,39.777522,37.400002,,,968.000000
648.000000,66700.000000,39134577.000000,0.000000,0.002900,0.063800,-0.971500,0.650391,0.000000,,37.290001,,,969.000000
649.000000,66800.000000,39134577.000000,0.000000,0.011600,0.058000,-0.959900,0.325195,0.000000,,37.290001,,,971.000000
650.000000,66900.000000,39134577.000000,0.000000,0.026100,0.075400,-0.945400,0.975586,0.000000,,37.119999,,,972.000000
651.000000,67000.000000,39134577.000000,0.000000,0.017400,0.037700,-0.948300,0.000000,0.000000,,37.230000,,,974.000000
652.000000,67100.000000,39134577.000000,0.000000,0.008700,0.046400,-0.948300,0.650391,0.000000,,37.060001,,,975.000000
653.000000,67200.000000,39134577.000000,0.000000,0.002900,0.034800,-0.962800,0.000000,0.000000,,37.180000,,,977.000000
654.000000,67300.000000,39134577.000000,0.000000,0.000000,0.020300,-0.974400,,0.000000,,37.119999,,,978.000000
655.000000,67400.000000,39134577.000000,0.000000,0.020300,0.037700,-0.962800,0.000000,0.000000,,37.119999,,,980.000000
656.000000,67500.000000,39134577.000000,0.000000,0.011600,0.029000,-0.948300,-0.650391,0.000000,,36.950001,,,981.000000
657.000000,67600.000000,39134577.000000,0.000000,0.017400,0.023200,-0.968600,0.000000,0.000000,38.592344,37.009998,,,983.000000
658.000000,67700.000000,39134577.000000,0.000000,0.011600,0.034800,-0.954100,-0.650391,0.000000,,36.900002,,,984.000000
659.000000,67800.000000,39134577.000000,0.000000,0.026100,0.026100,-0.968600,-0.325195,0.000000,,37.009998,,,986.000000
660.000000,67900.000000,39134577.000000,0.000000,0.031900,0.040600,-0.965700,-0.325195,0.000000,,36.950001,,,987.000000
661.000000,68000.000000,39134577.000000,0.000000,0.037700,0.029000,-0.959900,-0.650391,0.000000,,37.119999,,,989.000000
662.000000,68100.000000,39134577.000000,0.000000,0.037700,0.037700,-0.954100,-0.325195,0.000000,,37.060001,,,990.000000
663.000000,68200.000000,39134577.000000,0.000000,0.037700,0.031900,-0.957000,-0.325195,0.000000,,37.230000,,,992.000000
664.000000,68300.000000,39134577.000000,0.000000,0.046400,0.034800,-0.957000,,0.000000,,37.180000,,,993.000000
665.000000,68400.000000,39134577.000000,0.000000,0.046400,0.046400,-0.965700,-0.650391,0.000000,,37.459999,,,995.000000
666.000000,68500.000000,39134577.000000,0.000000,0.055100,0.049300,-0.954100,-0.325195,0.000000,,37.459999,,,996.000000
667.000000,68600.000000,39134577.000000,0.000000,0.058000,0.031900,-0.948300,0.000000,0.000000,37.388651,37.570000,,,998.000000
668.000000,68700.000000,39134577.000000,0.000000,0.049300,0.043500,-0.957000,-0.325195,0.000000,,37.630001,,,999.000000
669.000000,68800.000000,39134577.000000,0.000000,0.040600,0.031900,-0.957000,-0.325195,0.000000,,37.740002,,,1001.000000
670.000000,68900.000000,39134577.000000,0.000000,0.043500,0.029000,-0.954100,-0.325195,0.000000,,37.799999,,,1002.000000
671.000000,69000.000000,39134577.000000,0.000000,0.060900,0.029000,-0.957000,-0.325195,0.000000,,37.959999,,,1004.000000
672.000000,69100.000000,39134577.000000,0.000000,0.049300,0.055100,-0.959900,-0.325195,0.000000,,37.959999,,,1005.000000
673.000000,69200.000000,39134577.000000,0.000000,0.046400,0.026100,-0.968600,-0.325195,0.000000,,38.020000,,,1007.000000
674.000000,69300.000000,39134577.000000,0.000000,0.046400,0.046400,-0.971500,,0.000000,,38.189999,,,1008.000000
675.000000,69400.000000,39134577.000000,0.000000,0.055100,0.043500,-0.957000,-0.650391,0.000000,,38.250000,,,1010.000000
676.000000,69500.000000,39134577.000000,0.000000,0.066700,0.046400,-0.957000,0.000000,0.000000,,38.360001,,,1011.000000
677.000000,69600.000000,39134577.000000,0.000000,0.052200,0.043500,-0.957000,0.000000,0.000000,37.833093,38.360001,,,1013.000000
678.000000,69700.000000,39134577.000000,0.000000,0.046400,0.055100,-0.957000,-0.325195,0.000000,,38.529999,,,1014.000000
679.000000,69800.000000,39134577.000000,0.000000,0.049300,0.020300,-0.959900,0.000000,0.000000,,38.529999,,,1016.000000
680.000000,69900.000000,39134577.000000,0.000000,0.058000,0.034800,-0.957000,-0.325195,0.000000,,38.750000,,,1017.000000
681.000000,70000.000000,39134577.000000,0.000000,0.046400,0.052200,-0.951200,0.000000,0.000000,,38.750000,,,1019.000000
682.000000,70100.000000,39134577.000000,0.000000,0.043500,0.043500,-0.962800,0.000000,0.000000,,38.860001,,,1020.000000
683.000000,70200.000000,39134577.000000,0.000000,0.029000,0.023200,-0.954100,-0.325195,0.000000,,38.860001,,,1022.000000
684.000000,70300.000000,39134577.000000,0.000000,0.023200,0.029000,-0.939600,,0.000000,,38.919998,,,1023.000000
685.000000,70400.000000,39134577.000000,0.000000,0.020300,0.029000,-0.965700,0.000000,0.000000,,38.810001,,,1025.000000
686.000000,70500.000000,39134577.000000,0.000000,0.008700,0.020300,-0.962800,0.000000,0.000000,,38.860001,,,1026.000000
687.000000,70600.000000,39134577.000000,0.000000,0.011600,0.026100,-0.980200,0.000000,0.000000,38.110868,38.750000,,,1028.000000
688.000000,70700.000000,39134577.000000,0.000000,0.008700,0.011600,-0.965700,-0.650391,0.000000,,38.700001,,,1029.000000
689.000000,70800.000000,39134577.000000,0.000000,0.020300,0.020300,-0.951200,-0.325195,0.000000,,38.639999,,,1031.000000
690.000000,70900.000000,39134577.000000,0.000000,0.000000,0.017400,-0.957000,-0.650391,0.000000,,38.529999,,,1032.000000
691.000000,71000.000000,39134577.000000,0.000000,0.008700,0.000000,-0.965700,-0.325195,0.000000,,38.580002,,,1034.000000
692.000000,71100.000000,39134577.000000,0.000000,0.000000,0.008700,-0.991800,-0.650391,0.000000,,38.470001,,,1035.000000
693.000000,71200.000000,39134577.000000,0.000000,0.008700,-0.008700,-0.968600,-0.975586,0.000000,,38.529999,,,1037.000000
694.000000,71300.000000,39134577.000000,0.000000,0.034800,-0.005800,-0.936700,,0.000000,,38.410000,,,1038.000000
695.000000,71400.000000,39134577.000000,0.000000,0.084100,-0.023200,-0.875800,-0.650391,0.000000,,38.360001,,,1040.000000
696.000000,71500.000000,39134577.000000,0.000000,0.029000,-0.034800,-0.890300,-0.650391,0.000000,,38.529999,,,1041.000000
697.000000,71600.000000,39134577.000000,0.000000,-0.008700,0.020300,-0.951200,-1.300781,0.000000,38.110868,38.810001,,,1043.000000
698.000000,71700.000000,39134577.000000,0.000000,-0.023200,0.008700,-1.038200,-1.300781,0.000000,,38.919998,,,1044.000000
699.000000,71800.000000,39134577.000000,0.000000,0.020300,-0.005800,-1.035300,-0.975586,0.000000,,38.980000,,,1046.000000
700.000000,71900.000000,39134577.000000,0.000000,0.110200,0.037700,-1.020800,-0.975586,0.000000,,38.810001,,,1047.000000
701.000000,72000.000000,39134577.000000,0.000000,0.101500,0.031900,-0.948300,-0.975586,0.000000,,38.860001,,,1049.000000
702.000000,72100.000000,39134577.000000,0.000000,0.058000,0.002900,-0.910600,-0.325195,0.000000,,38.810001,,,
703.000000,72200.000000,39134577.000000,0.000000,0.017400,0.005800,-0.913500,-0.975586,0.000000,,38.860001,,,
704.000000,72300.000000,39134577.000000,0.000000,0.005800,0.011600,-0.954100,,0.000000,,38.919998,,,1053.000000
705.000000,72400.000000,39134577.000000,0.000000,0.008700,0.026100,-0.971500,-0.325195,0.000000,,38.860001,,,1055.000000
706.000000,72500.000000,39134577.000000,0.000000,0.023200,-0.017400,-0.971500,-1.300781,0.000000,,38.919998,,,1056.000000
707.000000,72600.000000,39134577.000000,0.000000,0.020300,0.014500,-0.957000,-1.300781,0.000000,38.740491,38.750000,,,1058.000000
708.000000,72700.000000,39134577.000000,0.000000,0.011600,0.014500,-0.945400,-1.300781,0.000000,,38.810001,,,1059.000000
709.000000,72800.000000,39134577.000000,0.000000,0.005800,0.000000,-0.959900,-0.650391,0.000000,,38.700001,,,1061.000000
710.000000,72900.000000,39134577.000000,0.000000,0.002900,0.002900,-0.957000,-0.975586,0.000000,,38.810001,,,1062.000000
711.000000,73000.000000,39134577.000000,0.000000,0.014500,0.020300,-0.962800,-0.975586,0.000000,,38.750000,,,1064.000000
712.000000,73100.000000,39134577.000000,0.000000,0.026100,0.008700,-0.959900,-0.650391,0.000000,,38.860001,,,1065.000000
713.000000,73200.000000,39134577.000000,0.000000,0.046400,0.029000,-0.957000,-0.650391,0.000000,,38.919998,,,1067.000000
714.000000,73300.000000,39134577.000000,0.000000,0.055100,0.026100,-0.954100,,0.000000,,39.090000,,,1068.000000
715.000000,73400.000000,39134577.000000,0.000000,0.063800,0.029000,-0.974400,-0.650391,0.000000,,39.200001,,,1070.000000
716.000000,73500.000000,39134577.000000,0.000000,0.072500,0.023200,-0.968600,-0.325195,0.000000,,39.369999,,,1071.000000
717.000000,73600.000000,39134577.000000,0.000000,0.084100,0.026100,-0.954100,0.000000,0.000000,38.833086,39.540001,,,1073.000000
718.000000,73700.000000,39134577.000000,0.000000,0.084100,0.017400,-0.954100,-0.325195,0.000000,,39.599998,,,1074.000000
719.000000,73800.000000,39134577.000000,0.000000,0.072500,0.031900,-0.948300,0.000000,0.000000,,39.880001,,,1076.000000
720.000000,73900.000000,39134577.000000,0.000000,0.060900,0.023200,-0.945400,-0.650391,0.000000,,39.880001,,,1077.000000
721.000000,74000.000000,39134577.000000,0.000000,0.043500,0.029000,-0.959900,-0.325195,0.000000,,40.049999,,,1079.000000
722.000000,74100.000000,39134577.000000,0.000000,0.029000,0.031900,-0.968600,-0.325195,0.000000,,40.099998,,,1080.000000
723.000000,74200.000000,39134577.000000,0.000000,0.023200,0.031900,-0.968600,0.000000,0.000000,,40.160000,,,1082.000000
724.000000,74300.000000,39134577.000000,0.000000,0.020300,0.023200,-0.968600,,0.000000,,40.049999,,,1083.000000
725.000000,74400.000000,39134577.000000,0.000000,0.023200,0.026100,-0.968600,-0.325195,0.000000,,40.049999,,,1085.000000
726.000000,74500.000000,39134577.000000,0.000000,0.014500,0.031900,-0.959900,0.000000,0.000000,,39.930000,,,1086.000000
727.000000,74600.000000,39134577.000000,0.000000,0.014500,0.023200,-0.959900,-0.325195,0.000000,40.684924,39.880001,,,1088.000000
728.000000,74700.000000,39134577.000000,0.000000,0.023200,0.017400,-0.948300,-0.325195,0.000000,,39.880001,,,1089.000000
729.000000,74800.000000,39134577.000000,0.000000,0.011600,0.029000,-0.948300,0.000000,0.000000,,39.759998,,,1091.000000
730.000000,74900.000000,39134577.000000,0.000000,0.008700,0.029000,-0.951200,-0.650391,0.000000,,39.880001,,,1092.000000
731.000000,75000.000000,39134577.000000,0.000000,0.008700,0.023200,-0.962800,0.000000,0.000000,,39.759998,,,1094.000000
732.000000,75100.000000,39134577.000000,0.000000,0.005800,0.029000,-0.962800,-0.325195,0.000000,,39.820000,,,1095.000000
733.000000,75200.000000,39134577.000000,0.000000,0.008700,0.014500,-0.957000,-0.325195,0.000000,,39.709999,,,1097.000000
734.000000,75300.000000,39134577.000000,0.000000,0.011600,0.011600,-0.951200,,0.000000,,39.650002,,,1098.000000
735.000000,75400.000000,39134577.000000,0.000000,0.008700,0.017400,-0.968600,-1.300781,0.000000,,39.650002,,,1100.000000
736.000000,75500.000000,39134577.000000,0.000000,0.005800,0.014500,-0.957000,,0.000000,,39.540001,,,
